Datum,EPI_teig,EPI_wasser,EPI_strom,EPI_fernwaerme
2013-01-01,96.7,91.1,86.1,106.6
2013-01-02,96.7,91.1,86.1,106.6
2013-01-03,96.7,91.1,86.1,106.6
2013-01-04,96.7,91.1,86.1,106.6
2013-01-05,96.7,91.1,86.1,106.6
2013-01-06,96.7,91.1,86.1,106.6
2013-01-07,96.7,91.1,86.1,106.6
2013-01-08,96.7,91.1,86.1,106.6
2013-01-09,96.7,91.1,86.1,106.6
2013-01-10,96.7,91.1,86.1,106.6
2013-01-11,96.7,91.1,86.1,106.6
2013-01-12,96.7,91.1,86.1,106.6
2013-01-13,96.7,91.1,86.1,106.6
2013-01-14,96.7,91.1,86.1,106.6
2013-01-15,96.7,91.1,86.1,106.6
2013-01-16,96.7,91.1,86.1,106.6
2013-01-17,96.7,91.1,86.1,106.6
2013-01-18,96.7,91.1,86.1,106.6
2013-01-19,96.7,91.1,86.1,106.6
2013-01-20,96.7,91.1,86.1,106.6
2013-01-21,96.7,91.1,86.1,106.6
2013-01-22,96.7,91.1,86.1,106.6
2013-01-23,96.7,91.1,86.1,106.6
2013-01-24,96.7,91.1,86.1,106.6
2013-01-25,96.7,91.1,86.1,106.6
2013-01-26,96.7,91.1,86.1,106.6
2013-01-27,96.7,91.1,86.1,106.6
2013-01-28,96.7,91.1,86.1,106.6
2013-01-29,96.7,91.1,86.1,106.6
2013-01-30,96.7,91.1,86.1,106.6
2013-01-31,96.7,91.1,86.1,106.6
2013-02-01,97.1,91.1,86.5,106.9
2013-02-02,97.1,91.1,86.5,106.9
2013-02-03,97.1,91.1,86.5,106.9
2013-02-04,97.1,91.1,86.5,106.9
2013-02-05,97.1,91.1,86.5,106.9
2013-02-06,97.1,91.1,86.5,106.9
2013-02-07,97.1,91.1,86.5,106.9
2013-02-08,97.1,91.1,86.5,106.9
2013-02-09,97.1,91.1,86.5,106.9
2013-02-10,97.1,91.1,86.5,106.9
2013-02-11,97.1,91.1,86.5,106.9
2013-02-12,97.1,91.1,86.5,106.9
2013-02-13,97.1,91.1,86.5,106.9
2013-02-14,97.1,91.1,86.5,106.9
2013-02-15,97.1,91.1,86.5,106.9
2013-02-16,97.1,91.1,86.5,106.9
2013-02-17,97.1,91.1,86.5,106.9
2013-02-18,97.1,91.1,86.5,106.9
2013-02-19,97.1,91.1,86.5,106.9
2013-02-20,97.1,91.1,86.5,106.9
2013-02-21,97.1,91.1,86.5,106.9
2013-02-22,97.1,91.1,86.5,106.9
2013-02-23,97.1,91.1,86.5,106.9
2013-02-24,97.1,91.1,86.5,106.9
2013-02-25,97.1,91.1,86.5,106.9
2013-02-26,97.1,91.1,86.5,106.9
2013-02-27,97.1,91.1,86.5,106.9
2013-02-28,97.1,91.1,86.5,106.9
2013-03-01,97.1,91.2,88.6,106.9
2013-03-02,97.1,91.2,88.6,106.9
2013-03-03,97.1,91.2,88.6,106.9
2013-03-04,97.1,91.2,88.6,106.9
2013-03-05,97.1,91.2,88.6,106.9
2013-03-06,97.1,91.2,88.6,106.9
2013-03-07,97.1,91.2,88.6,106.9
2013-03-08,97.1,91.2,88.6,106.9
2013-03-09,97.1,91.2,88.6,106.9
2013-03-10,97.1,91.2,88.6,106.9
2013-03-11,97.1,91.2,88.6,106.9
2013-03-12,97.1,91.2,88.6,106.9
2013-03-13,97.1,91.2,88.6,106.9
2013-03-14,97.1,91.2,88.6,106.9
2013-03-15,97.1,91.2,88.6,106.9
2013-03-16,97.1,91.2,88.6,106.9
2013-03-17,97.1,91.2,88.6,106.9
2013-03-18,97.1,91.2,88.6,106.9
2013-03-19,97.1,91.2,88.6,106.9
2013-03-20,97.1,91.2,88.6,106.9
2013-03-21,97.1,91.2,88.6,106.9
2013-03-22,97.1,91.2,88.6,106.9
2013-03-23,97.1,91.2,88.6,106.9
2013-03-24,97.1,91.2,88.6,106.9
2013-03-25,97.1,91.2,88.6,106.9
2013-03-26,97.1,91.2,88.6,106.9
2013-03-27,97.1,91.2,88.6,106.9
2013-03-28,97.1,91.2,88.6,106.9
2013-03-29,97.1,91.2,88.6,106.9
2013-03-30,97.1,91.2,88.6,106.9
2013-03-31,97.1,91.2,88.6,106.9
2013-04-01,97.3,91.2,89.3,107
2013-04-02,97.3,91.2,89.3,107
2013-04-03,97.3,91.2,89.3,107
2013-04-04,97.3,91.2,89.3,107
2013-04-05,97.3,91.2,89.3,107
2013-04-06,97.3,91.2,89.3,107
2013-04-07,97.3,91.2,89.3,107
2013-04-08,97.3,91.2,89.3,107
2013-04-09,97.3,91.2,89.3,107
2013-04-10,97.3,91.2,89.3,107
2013-04-11,97.3,91.2,89.3,107
2013-04-12,97.3,91.2,89.3,107
2013-04-13,97.3,91.2,89.3,107
2013-04-14,97.3,91.2,89.3,107
2013-04-15,97.3,91.2,89.3,107
2013-04-16,97.3,91.2,89.3,107
2013-04-17,97.3,91.2,89.3,107
2013-04-18,97.3,91.2,89.3,107
2013-04-19,97.3,91.2,89.3,107
2013-04-20,97.3,91.2,89.3,107
2013-04-21,97.3,91.2,89.3,107
2013-04-22,97.3,91.2,89.3,107
2013-04-23,97.3,91.2,89.3,107
2013-04-24,97.3,91.2,89.3,107
2013-04-25,97.3,91.2,89.3,107
2013-04-26,97.3,91.2,89.3,107
2013-04-27,97.3,91.2,89.3,107
2013-04-28,97.3,91.2,89.3,107
2013-04-29,97.3,91.2,89.3,107
2013-04-30,97.3,91.2,89.3,107
2013-05-01,97.6,91.4,89.3,107
2013-05-02,97.6,91.4,89.3,107
2013-05-03,97.6,91.4,89.3,107
2013-05-04,97.6,91.4,89.3,107
2013-05-05,97.6,91.4,89.3,107
2013-05-06,97.6,91.4,89.3,107
2013-05-07,97.6,91.4,89.3,107
2013-05-08,97.6,91.4,89.3,107
2013-05-09,97.6,91.4,89.3,107
2013-05-10,97.6,91.4,89.3,107
2013-05-11,97.6,91.4,89.3,107
2013-05-12,97.6,91.4,89.3,107
2013-05-13,97.6,91.4,89.3,107
2013-05-14,97.6,91.4,89.3,107
2013-05-15,97.6,91.4,89.3,107
2013-05-16,97.6,91.4,89.3,107
2013-05-17,97.6,91.4,89.3,107
2013-05-18,97.6,91.4,89.3,107
2013-05-19,97.6,91.4,89.3,107
2013-05-20,97.6,91.4,89.3,107
2013-05-21,97.6,91.4,89.3,107
2013-05-22,97.6,91.4,89.3,107
2013-05-23,97.6,91.4,89.3,107
2013-05-24,97.6,91.4,89.3,107
2013-05-25,97.6,91.4,89.3,107
2013-05-26,97.6,91.4,89.3,107
2013-05-27,97.6,91.4,89.3,107
2013-05-28,97.6,91.4,89.3,107
2013-05-29,97.6,91.4,89.3,107
2013-05-30,97.6,91.4,89.3,107
2013-05-31,97.6,91.4,89.3,107
2013-06-01,97.6,91.4,89.3,107
2013-06-02,97.6,91.4,89.3,107
2013-06-03,97.6,91.4,89.3,107
2013-06-04,97.6,91.4,89.3,107
2013-06-05,97.6,91.4,89.3,107
2013-06-06,97.6,91.4,89.3,107
2013-06-07,97.6,91.4,89.3,107
2013-06-08,97.6,91.4,89.3,107
2013-06-09,97.6,91.4,89.3,107
2013-06-10,97.6,91.4,89.3,107
2013-06-11,97.6,91.4,89.3,107
2013-06-12,97.6,91.4,89.3,107
2013-06-13,97.6,91.4,89.3,107
2013-06-14,97.6,91.4,89.3,107
2013-06-15,97.6,91.4,89.3,107
2013-06-16,97.6,91.4,89.3,107
2013-06-17,97.6,91.4,89.3,107
2013-06-18,97.6,91.4,89.3,107
2013-06-19,97.6,91.4,89.3,107
2013-06-20,97.6,91.4,89.3,107
2013-06-21,97.6,91.4,89.3,107
2013-06-22,97.6,91.4,89.3,107
2013-06-23,97.6,91.4,89.3,107
2013-06-24,97.6,91.4,89.3,107
2013-06-25,97.6,91.4,89.3,107
2013-06-26,97.6,91.4,89.3,107
2013-06-27,97.6,91.4,89.3,107
2013-06-28,97.6,91.4,89.3,107
2013-06-29,97.6,91.4,89.3,107
2013-06-30,97.6,91.4,89.3,107
2013-07-01,97.6,91.4,89.3,106.6
2013-07-02,97.6,91.4,89.3,106.6
2013-07-03,97.6,91.4,89.3,106.6
2013-07-04,97.6,91.4,89.3,106.6
2013-07-05,97.6,91.4,89.3,106.6
2013-07-06,97.6,91.4,89.3,106.6
2013-07-07,97.6,91.4,89.3,106.6
2013-07-08,97.6,91.4,89.3,106.6
2013-07-09,97.6,91.4,89.3,106.6
2013-07-10,97.6,91.4,89.3,106.6
2013-07-11,97.6,91.4,89.3,106.6
2013-07-12,97.6,91.4,89.3,106.6
2013-07-13,97.6,91.4,89.3,106.6
2013-07-14,97.6,91.4,89.3,106.6
2013-07-15,97.6,91.4,89.3,106.6
2013-07-16,97.6,91.4,89.3,106.6
2013-07-17,97.6,91.4,89.3,106.6
2013-07-18,97.6,91.4,89.3,106.6
2013-07-19,97.6,91.4,89.3,106.6
2013-07-20,97.6,91.4,89.3,106.6
2013-07-21,97.6,91.4,89.3,106.6
2013-07-22,97.6,91.4,89.3,106.6
2013-07-23,97.6,91.4,89.3,106.6
2013-07-24,97.6,91.4,89.3,106.6
2013-07-25,97.6,91.4,89.3,106.6
2013-07-26,97.6,91.4,89.3,106.6
2013-07-27,97.6,91.4,89.3,106.6
2013-07-28,97.6,91.4,89.3,106.6
2013-07-29,97.6,91.4,89.3,106.6
2013-07-30,97.6,91.4,89.3,106.6
2013-07-31,97.6,91.4,89.3,106.6
2013-08-01,97.6,91.4,89.3,106.6
2013-08-02,97.6,91.4,89.3,106.6
2013-08-03,97.6,91.4,89.3,106.6
2013-08-04,97.6,91.4,89.3,106.6
2013-08-05,97.6,91.4,89.3,106.6
2013-08-06,97.6,91.4,89.3,106.6
2013-08-07,97.6,91.4,89.3,106.6
2013-08-08,97.6,91.4,89.3,106.6
2013-08-09,97.6,91.4,89.3,106.6
2013-08-10,97.6,91.4,89.3,106.6
2013-08-11,97.6,91.4,89.3,106.6
2013-08-12,97.6,91.4,89.3,106.6
2013-08-13,97.6,91.4,89.3,106.6
2013-08-14,97.6,91.4,89.3,106.6
2013-08-15,97.6,91.4,89.3,106.6
2013-08-16,97.6,91.4,89.3,106.6
2013-08-17,97.6,91.4,89.3,106.6
2013-08-18,97.6,91.4,89.3,106.6
2013-08-19,97.6,91.4,89.3,106.6
2013-08-20,97.6,91.4,89.3,106.6
2013-08-21,97.6,91.4,89.3,106.6
2013-08-22,97.6,91.4,89.3,106.6
2013-08-23,97.6,91.4,89.3,106.6
2013-08-24,97.6,91.4,89.3,106.6
2013-08-25,97.6,91.4,89.3,106.6
2013-08-26,97.6,91.4,89.3,106.6
2013-08-27,97.6,91.4,89.3,106.6
2013-08-28,97.6,91.4,89.3,106.6
2013-08-29,97.6,91.4,89.3,106.6
2013-08-30,97.6,91.4,89.3,106.6
2013-08-31,97.6,91.4,89.3,106.6
2013-09-01,97.6,91.4,89.3,106.6
2013-09-02,97.6,91.4,89.3,106.6
2013-09-03,97.6,91.4,89.3,106.6
2013-09-04,97.6,91.4,89.3,106.6
2013-09-05,97.6,91.4,89.3,106.6
2013-09-06,97.6,91.4,89.3,106.6
2013-09-07,97.6,91.4,89.3,106.6
2013-09-08,97.6,91.4,89.3,106.6
2013-09-09,97.6,91.4,89.3,106.6
2013-09-10,97.6,91.4,89.3,106.6
2013-09-11,97.6,91.4,89.3,106.6
2013-09-12,97.6,91.4,89.3,106.6
2013-09-13,97.6,91.4,89.3,106.6
2013-09-14,97.6,91.4,89.3,106.6
2013-09-15,97.6,91.4,89.3,106.6
2013-09-16,97.6,91.4,89.3,106.6
2013-09-17,97.6,91.4,89.3,106.6
2013-09-18,97.6,91.4,89.3,106.6
2013-09-19,97.6,91.4,89.3,106.6
2013-09-20,97.6,91.4,89.3,106.6
2013-09-21,97.6,91.4,89.3,106.6
2013-09-22,97.6,91.4,89.3,106.6
2013-09-23,97.6,91.4,89.3,106.6
2013-09-24,97.6,91.4,89.3,106.6
2013-09-25,97.6,91.4,89.3,106.6
2013-09-26,97.6,91.4,89.3,106.6
2013-09-27,97.6,91.4,89.3,106.6
2013-09-28,97.6,91.4,89.3,106.6
2013-09-29,97.6,91.4,89.3,106.6
2013-09-30,97.6,91.4,89.3,106.6
2013-10-01,97.6,91.4,89.3,106.2
2013-10-02,97.6,91.4,89.3,106.2
2013-10-03,97.6,91.4,89.3,106.2
2013-10-04,97.6,91.4,89.3,106.2
2013-10-05,97.6,91.4,89.3,106.2
2013-10-06,97.6,91.4,89.3,106.2
2013-10-07,97.6,91.4,89.3,106.2
2013-10-08,97.6,91.4,89.3,106.2
2013-10-09,97.6,91.4,89.3,106.2
2013-10-10,97.6,91.4,89.3,106.2
2013-10-11,97.6,91.4,89.3,106.2
2013-10-12,97.6,91.4,89.3,106.2
2013-10-13,97.6,91.4,89.3,106.2
2013-10-14,97.6,91.4,89.3,106.2
2013-10-15,97.6,91.4,89.3,106.2
2013-10-16,97.6,91.4,89.3,106.2
2013-10-17,97.6,91.4,89.3,106.2
2013-10-18,97.6,91.4,89.3,106.2
2013-10-19,97.6,91.4,89.3,106.2
2013-10-20,97.6,91.4,89.3,106.2
2013-10-21,97.6,91.4,89.3,106.2
2013-10-22,97.6,91.4,89.3,106.2
2013-10-23,97.6,91.4,89.3,106.2
2013-10-24,97.6,91.4,89.3,106.2
2013-10-25,97.6,91.4,89.3,106.2
2013-10-26,97.6,91.4,89.3,106.2
2013-10-27,97.6,91.4,89.3,106.2
2013-10-28,97.6,91.4,89.3,106.2
2013-10-29,97.6,91.4,89.3,106.2
2013-10-30,97.6,91.4,89.3,106.2
2013-10-31,97.6,91.4,89.3,106.2
2013-11-01,97.6,91.4,89.3,106.2
2013-11-02,97.6,91.4,89.3,106.2
2013-11-03,97.6,91.4,89.3,106.2
2013-11-04,97.6,91.4,89.3,106.2
2013-11-05,97.6,91.4,89.3,106.2
2013-11-06,97.6,91.4,89.3,106.2
2013-11-07,97.6,91.4,89.3,106.2
2013-11-08,97.6,91.4,89.3,106.2
2013-11-09,97.6,91.4,89.3,106.2
2013-11-10,97.6,91.4,89.3,106.2
2013-11-11,97.6,91.4,89.3,106.2
2013-11-12,97.6,91.4,89.3,106.2
2013-11-13,97.6,91.4,89.3,106.2
2013-11-14,97.6,91.4,89.3,106.2
2013-11-15,97.6,91.4,89.3,106.2
2013-11-16,97.6,91.4,89.3,106.2
2013-11-17,97.6,91.4,89.3,106.2
2013-11-18,97.6,91.4,89.3,106.2
2013-11-19,97.6,91.4,89.3,106.2
2013-11-20,97.6,91.4,89.3,106.2
2013-11-21,97.6,91.4,89.3,106.2
2013-11-22,97.6,91.4,89.3,106.2
2013-11-23,97.6,91.4,89.3,106.2
2013-11-24,97.6,91.4,89.3,106.2
2013-11-25,97.6,91.4,89.3,106.2
2013-11-26,97.6,91.4,89.3,106.2
2013-11-27,97.6,91.4,89.3,106.2
2013-11-28,97.6,91.4,89.3,106.2
2013-11-29,97.6,91.4,89.3,106.2
2013-11-30,97.6,91.4,89.3,106.2
2013-12-01,97.6,91.6,89.3,106.2
2013-12-02,97.6,91.6,89.3,106.2
2013-12-03,97.6,91.6,89.3,106.2
2013-12-04,97.6,91.6,89.3,106.2
2013-12-05,97.6,91.6,89.3,106.2
2013-12-06,97.6,91.6,89.3,106.2
2013-12-07,97.6,91.6,89.3,106.2
2013-12-08,97.6,91.6,89.3,106.2
2013-12-09,97.6,91.6,89.3,106.2
2013-12-10,97.6,91.6,89.3,106.2
2013-12-11,97.6,91.6,89.3,106.2
2013-12-12,97.6,91.6,89.3,106.2
2013-12-13,97.6,91.6,89.3,106.2
2013-12-14,97.6,91.6,89.3,106.2
2013-12-15,97.6,91.6,89.3,106.2
2013-12-16,97.6,91.6,89.3,106.2
2013-12-17,97.6,91.6,89.3,106.2
2013-12-18,97.6,91.6,89.3,106.2
2013-12-19,97.6,91.6,89.3,106.2
2013-12-20,97.6,91.6,89.3,106.2
2013-12-21,97.6,91.6,89.3,106.2
2013-12-22,97.6,91.6,89.3,106.2
2013-12-23,97.6,91.6,89.3,106.2
2013-12-24,97.6,91.6,89.3,106.2
2013-12-25,97.6,91.6,89.3,106.2
2013-12-26,97.6,91.6,89.3,106.2
2013-12-27,97.6,91.6,89.3,106.2
2013-12-28,97.6,91.6,89.3,106.2
2013-12-29,97.6,91.6,89.3,106.2
2013-12-30,97.6,91.6,89.3,106.2
2013-12-31,97.6,91.6,89.3,106.2
2014-01-01,97.4,91.7,89.5,106.2
2014-01-02,97.4,91.7,89.5,106.2
2014-01-03,97.4,91.7,89.5,106.2
2014-01-04,97.4,91.7,89.5,106.2
2014-01-05,97.4,91.7,89.5,106.2
2014-01-06,97.4,91.7,89.5,106.2
2014-01-07,97.4,91.7,89.5,106.2
2014-01-08,97.4,91.7,89.5,106.2
2014-01-09,97.4,91.7,89.5,106.2
2014-01-10,97.4,91.7,89.5,106.2
2014-01-11,97.4,91.7,89.5,106.2
2014-01-12,97.4,91.7,89.5,106.2
2014-01-13,97.4,91.7,89.5,106.2
2014-01-14,97.4,91.7,89.5,106.2
2014-01-15,97.4,91.7,89.5,106.2
2014-01-16,97.4,91.7,89.5,106.2
2014-01-17,97.4,91.7,89.5,106.2
2014-01-18,97.4,91.7,89.5,106.2
2014-01-19,97.4,91.7,89.5,106.2
2014-01-20,97.4,91.7,89.5,106.2
2014-01-21,97.4,91.7,89.5,106.2
2014-01-22,97.4,91.7,89.5,106.2
2014-01-23,97.4,91.7,89.5,106.2
2014-01-24,97.4,91.7,89.5,106.2
2014-01-25,97.4,91.7,89.5,106.2
2014-01-26,97.4,91.7,89.5,106.2
2014-01-27,97.4,91.7,89.5,106.2
2014-01-28,97.4,91.7,89.5,106.2
2014-01-29,97.4,91.7,89.5,106.2
2014-01-30,97.4,91.7,89.5,106.2
2014-01-31,97.4,91.7,89.5,106.2
2014-02-01,97.4,91.8,89.5,106.2
2014-02-02,97.4,91.8,89.5,106.2
2014-02-03,97.4,91.8,89.5,106.2
2014-02-04,97.4,91.8,89.5,106.2
2014-02-05,97.4,91.8,89.5,106.2
2014-02-06,97.4,91.8,89.5,106.2
2014-02-07,97.4,91.8,89.5,106.2
2014-02-08,97.4,91.8,89.5,106.2
2014-02-09,97.4,91.8,89.5,106.2
2014-02-10,97.4,91.8,89.5,106.2
2014-02-11,97.4,91.8,89.5,106.2
2014-02-12,97.4,91.8,89.5,106.2
2014-02-13,97.4,91.8,89.5,106.2
2014-02-14,97.4,91.8,89.5,106.2
2014-02-15,97.4,91.8,89.5,106.2
2014-02-16,97.4,91.8,89.5,106.2
2014-02-17,97.4,91.8,89.5,106.2
2014-02-18,97.4,91.8,89.5,106.2
2014-02-19,97.4,91.8,89.5,106.2
2014-02-20,97.4,91.8,89.5,106.2
2014-02-21,97.4,91.8,89.5,106.2
2014-02-22,97.4,91.8,89.5,106.2
2014-02-23,97.4,91.8,89.5,106.2
2014-02-24,97.4,91.8,89.5,106.2
2014-02-25,97.4,91.8,89.5,106.2
2014-02-26,97.4,91.8,89.5,106.2
2014-02-27,97.4,91.8,89.5,106.2
2014-02-28,97.4,91.8,89.5,106.2
2014-03-01,97.4,89.2,89.4,106.2
2014-03-02,97.4,89.2,89.4,106.2
2014-03-03,97.4,89.2,89.4,106.2
2014-03-04,97.4,89.2,89.4,106.2
2014-03-05,97.4,89.2,89.4,106.2
2014-03-06,97.4,89.2,89.4,106.2
2014-03-07,97.4,89.2,89.4,106.2
2014-03-08,97.4,89.2,89.4,106.2
2014-03-09,97.4,89.2,89.4,106.2
2014-03-10,97.4,89.2,89.4,106.2
2014-03-11,97.4,89.2,89.4,106.2
2014-03-12,97.4,89.2,89.4,106.2
2014-03-13,97.4,89.2,89.4,106.2
2014-03-14,97.4,89.2,89.4,106.2
2014-03-15,97.4,89.2,89.4,106.2
2014-03-16,97.4,89.2,89.4,106.2
2014-03-17,97.4,89.2,89.4,106.2
2014-03-18,97.4,89.2,89.4,106.2
2014-03-19,97.4,89.2,89.4,106.2
2014-03-20,97.4,89.2,89.4,106.2
2014-03-21,97.4,89.2,89.4,106.2
2014-03-22,97.4,89.2,89.4,106.2
2014-03-23,97.4,89.2,89.4,106.2
2014-03-24,97.4,89.2,89.4,106.2
2014-03-25,97.4,89.2,89.4,106.2
2014-03-26,97.4,89.2,89.4,106.2
2014-03-27,97.4,89.2,89.4,106.2
2014-03-28,97.4,89.2,89.4,106.2
2014-03-29,97.4,89.2,89.4,106.2
2014-03-30,97.4,89.2,89.4,106.2
2014-03-31,97.4,89.2,89.4,106.2
2014-04-01,97.4,89.2,89.4,105.9
2014-04-02,97.4,89.2,89.4,105.9
2014-04-03,97.4,89.2,89.4,105.9
2014-04-04,97.4,89.2,89.4,105.9
2014-04-05,97.4,89.2,89.4,105.9
2014-04-06,97.4,89.2,89.4,105.9
2014-04-07,97.4,89.2,89.4,105.9
2014-04-08,97.4,89.2,89.4,105.9
2014-04-09,97.4,89.2,89.4,105.9
2014-04-10,97.4,89.2,89.4,105.9
2014-04-11,97.4,89.2,89.4,105.9
2014-04-12,97.4,89.2,89.4,105.9
2014-04-13,97.4,89.2,89.4,105.9
2014-04-14,97.4,89.2,89.4,105.9
2014-04-15,97.4,89.2,89.4,105.9
2014-04-16,97.4,89.2,89.4,105.9
2014-04-17,97.4,89.2,89.4,105.9
2014-04-18,97.4,89.2,89.4,105.9
2014-04-19,97.4,89.2,89.4,105.9
2014-04-20,97.4,89.2,89.4,105.9
2014-04-21,97.4,89.2,89.4,105.9
2014-04-22,97.4,89.2,89.4,105.9
2014-04-23,97.4,89.2,89.4,105.9
2014-04-24,97.4,89.2,89.4,105.9
2014-04-25,97.4,89.2,89.4,105.9
2014-04-26,97.4,89.2,89.4,105.9
2014-04-27,97.4,89.2,89.4,105.9
2014-04-28,97.4,89.2,89.4,105.9
2014-04-29,97.4,89.2,89.4,105.9
2014-04-30,97.4,89.2,89.4,105.9
2014-05-01,97.4,89.5,89.5,105.7
2014-05-02,97.4,89.5,89.5,105.7
2014-05-03,97.4,89.5,89.5,105.7
2014-05-04,97.4,89.5,89.5,105.7
2014-05-05,97.4,89.5,89.5,105.7
2014-05-06,97.4,89.5,89.5,105.7
2014-05-07,97.4,89.5,89.5,105.7
2014-05-08,97.4,89.5,89.5,105.7
2014-05-09,97.4,89.5,89.5,105.7
2014-05-10,97.4,89.5,89.5,105.7
2014-05-11,97.4,89.5,89.5,105.7
2014-05-12,97.4,89.5,89.5,105.7
2014-05-13,97.4,89.5,89.5,105.7
2014-05-14,97.4,89.5,89.5,105.7
2014-05-15,97.4,89.5,89.5,105.7
2014-05-16,97.4,89.5,89.5,105.7
2014-05-17,97.4,89.5,89.5,105.7
2014-05-18,97.4,89.5,89.5,105.7
2014-05-19,97.4,89.5,89.5,105.7
2014-05-20,97.4,89.5,89.5,105.7
2014-05-21,97.4,89.5,89.5,105.7
2014-05-22,97.4,89.5,89.5,105.7
2014-05-23,97.4,89.5,89.5,105.7
2014-05-24,97.4,89.5,89.5,105.7
2014-05-25,97.4,89.5,89.5,105.7
2014-05-26,97.4,89.5,89.5,105.7
2014-05-27,97.4,89.5,89.5,105.7
2014-05-28,97.4,89.5,89.5,105.7
2014-05-29,97.4,89.5,89.5,105.7
2014-05-30,97.4,89.5,89.5,105.7
2014-05-31,97.4,89.5,89.5,105.7
2014-06-01,97.4,89.5,89.5,105.7
2014-06-02,97.4,89.5,89.5,105.7
2014-06-03,97.4,89.5,89.5,105.7
2014-06-04,97.4,89.5,89.5,105.7
2014-06-05,97.4,89.5,89.5,105.7
2014-06-06,97.4,89.5,89.5,105.7
2014-06-07,97.4,89.5,89.5,105.7
2014-06-08,97.4,89.5,89.5,105.7
2014-06-09,97.4,89.5,89.5,105.7
2014-06-10,97.4,89.5,89.5,105.7
2014-06-11,97.4,89.5,89.5,105.7
2014-06-12,97.4,89.5,89.5,105.7
2014-06-13,97.4,89.5,89.5,105.7
2014-06-14,97.4,89.5,89.5,105.7
2014-06-15,97.4,89.5,89.5,105.7
2014-06-16,97.4,89.5,89.5,105.7
2014-06-17,97.4,89.5,89.5,105.7
2014-06-18,97.4,89.5,89.5,105.7
2014-06-19,97.4,89.5,89.5,105.7
2014-06-20,97.4,89.5,89.5,105.7
2014-06-21,97.4,89.5,89.5,105.7
2014-06-22,97.4,89.5,89.5,105.7
2014-06-23,97.4,89.5,89.5,105.7
2014-06-24,97.4,89.5,89.5,105.7
2014-06-25,97.4,89.5,89.5,105.7
2014-06-26,97.4,89.5,89.5,105.7
2014-06-27,97.4,89.5,89.5,105.7
2014-06-28,97.4,89.5,89.5,105.7
2014-06-29,97.4,89.5,89.5,105.7
2014-06-30,97.4,89.5,89.5,105.7
2014-07-01,97.4,89.5,89.5,105.3
2014-07-02,97.4,89.5,89.5,105.3
2014-07-03,97.4,89.5,89.5,105.3
2014-07-04,97.4,89.5,89.5,105.3
2014-07-05,97.4,89.5,89.5,105.3
2014-07-06,97.4,89.5,89.5,105.3
2014-07-07,97.4,89.5,89.5,105.3
2014-07-08,97.4,89.5,89.5,105.3
2014-07-09,97.4,89.5,89.5,105.3
2014-07-10,97.4,89.5,89.5,105.3
2014-07-11,97.4,89.5,89.5,105.3
2014-07-12,97.4,89.5,89.5,105.3
2014-07-13,97.4,89.5,89.5,105.3
2014-07-14,97.4,89.5,89.5,105.3
2014-07-15,97.4,89.5,89.5,105.3
2014-07-16,97.4,89.5,89.5,105.3
2014-07-17,97.4,89.5,89.5,105.3
2014-07-18,97.4,89.5,89.5,105.3
2014-07-19,97.4,89.5,89.5,105.3
2014-07-20,97.4,89.5,89.5,105.3
2014-07-21,97.4,89.5,89.5,105.3
2014-07-22,97.4,89.5,89.5,105.3
2014-07-23,97.4,89.5,89.5,105.3
2014-07-24,97.4,89.5,89.5,105.3
2014-07-25,97.4,89.5,89.5,105.3
2014-07-26,97.4,89.5,89.5,105.3
2014-07-27,97.4,89.5,89.5,105.3
2014-07-28,97.4,89.5,89.5,105.3
2014-07-29,97.4,89.5,89.5,105.3
2014-07-30,97.4,89.5,89.5,105.3
2014-07-31,97.4,89.5,89.5,105.3
2014-08-01,97.4,89.5,89.5,105.2
2014-08-02,97.4,89.5,89.5,105.2
2014-08-03,97.4,89.5,89.5,105.2
2014-08-04,97.4,89.5,89.5,105.2
2014-08-05,97.4,89.5,89.5,105.2
2014-08-06,97.4,89.5,89.5,105.2
2014-08-07,97.4,89.5,89.5,105.2
2014-08-08,97.4,89.5,89.5,105.2
2014-08-09,97.4,89.5,89.5,105.2
2014-08-10,97.4,89.5,89.5,105.2
2014-08-11,97.4,89.5,89.5,105.2
2014-08-12,97.4,89.5,89.5,105.2
2014-08-13,97.4,89.5,89.5,105.2
2014-08-14,97.4,89.5,89.5,105.2
2014-08-15,97.4,89.5,89.5,105.2
2014-08-16,97.4,89.5,89.5,105.2
2014-08-17,97.4,89.5,89.5,105.2
2014-08-18,97.4,89.5,89.5,105.2
2014-08-19,97.4,89.5,89.5,105.2
2014-08-20,97.4,89.5,89.5,105.2
2014-08-21,97.4,89.5,89.5,105.2
2014-08-22,97.4,89.5,89.5,105.2
2014-08-23,97.4,89.5,89.5,105.2
2014-08-24,97.4,89.5,89.5,105.2
2014-08-25,97.4,89.5,89.5,105.2
2014-08-26,97.4,89.5,89.5,105.2
2014-08-27,97.4,89.5,89.5,105.2
2014-08-28,97.4,89.5,89.5,105.2
2014-08-29,97.4,89.5,89.5,105.2
2014-08-30,97.4,89.5,89.5,105.2
2014-08-31,97.4,89.5,89.5,105.2
2014-09-01,97.4,89.8,89.5,105.1
2014-09-02,97.4,89.8,89.5,105.1
2014-09-03,97.4,89.8,89.5,105.1
2014-09-04,97.4,89.8,89.5,105.1
2014-09-05,97.4,89.8,89.5,105.1
2014-09-06,97.4,89.8,89.5,105.1
2014-09-07,97.4,89.8,89.5,105.1
2014-09-08,97.4,89.8,89.5,105.1
2014-09-09,97.4,89.8,89.5,105.1
2014-09-10,97.4,89.8,89.5,105.1
2014-09-11,97.4,89.8,89.5,105.1
2014-09-12,97.4,89.8,89.5,105.1
2014-09-13,97.4,89.8,89.5,105.1
2014-09-14,97.4,89.8,89.5,105.1
2014-09-15,97.4,89.8,89.5,105.1
2014-09-16,97.4,89.8,89.5,105.1
2014-09-17,97.4,89.8,89.5,105.1
2014-09-18,97.4,89.8,89.5,105.1
2014-09-19,97.4,89.8,89.5,105.1
2014-09-20,97.4,89.8,89.5,105.1
2014-09-21,97.4,89.8,89.5,105.1
2014-09-22,97.4,89.8,89.5,105.1
2014-09-23,97.4,89.8,89.5,105.1
2014-09-24,97.4,89.8,89.5,105.1
2014-09-25,97.4,89.8,89.5,105.1
2014-09-26,97.4,89.8,89.5,105.1
2014-09-27,97.4,89.8,89.5,105.1
2014-09-28,97.4,89.8,89.5,105.1
2014-09-29,97.4,89.8,89.5,105.1
2014-09-30,97.4,89.8,89.5,105.1
2014-10-01,97.6,89.9,89.5,105.2
2014-10-02,97.6,89.9,89.5,105.2
2014-10-03,97.6,89.9,89.5,105.2
2014-10-04,97.6,89.9,89.5,105.2
2014-10-05,97.6,89.9,89.5,105.2
2014-10-06,97.6,89.9,89.5,105.2
2014-10-07,97.6,89.9,89.5,105.2
2014-10-08,97.6,89.9,89.5,105.2
2014-10-09,97.6,89.9,89.5,105.2
2014-10-10,97.6,89.9,89.5,105.2
2014-10-11,97.6,89.9,89.5,105.2
2014-10-12,97.6,89.9,89.5,105.2
2014-10-13,97.6,89.9,89.5,105.2
2014-10-14,97.6,89.9,89.5,105.2
2014-10-15,97.6,89.9,89.5,105.2
2014-10-16,97.6,89.9,89.5,105.2
2014-10-17,97.6,89.9,89.5,105.2
2014-10-18,97.6,89.9,89.5,105.2
2014-10-19,97.6,89.9,89.5,105.2
2014-10-20,97.6,89.9,89.5,105.2
2014-10-21,97.6,89.9,89.5,105.2
2014-10-22,97.6,89.9,89.5,105.2
2014-10-23,97.6,89.9,89.5,105.2
2014-10-24,97.6,89.9,89.5,105.2
2014-10-25,97.6,89.9,89.5,105.2
2014-10-26,97.6,89.9,89.5,105.2
2014-10-27,97.6,89.9,89.5,105.2
2014-10-28,97.6,89.9,89.5,105.2
2014-10-29,97.6,89.9,89.5,105.2
2014-10-30,97.6,89.9,89.5,105.2
2014-10-31,97.6,89.9,89.5,105.2
2014-11-01,97.6,89.9,89.5,105.2
2014-11-02,97.6,89.9,89.5,105.2
2014-11-03,97.6,89.9,89.5,105.2
2014-11-04,97.6,89.9,89.5,105.2
2014-11-05,97.6,89.9,89.5,105.2
2014-11-06,97.6,89.9,89.5,105.2
2014-11-07,97.6,89.9,89.5,105.2
2014-11-08,97.6,89.9,89.5,105.2
2014-11-09,97.6,89.9,89.5,105.2
2014-11-10,97.6,89.9,89.5,105.2
2014-11-11,97.6,89.9,89.5,105.2
2014-11-12,97.6,89.9,89.5,105.2
2014-11-13,97.6,89.9,89.5,105.2
2014-11-14,97.6,89.9,89.5,105.2
2014-11-15,97.6,89.9,89.5,105.2
2014-11-16,97.6,89.9,89.5,105.2
2014-11-17,97.6,89.9,89.5,105.2
2014-11-18,97.6,89.9,89.5,105.2
2014-11-19,97.6,89.9,89.5,105.2
2014-11-20,97.6,89.9,89.5,105.2
2014-11-21,97.6,89.9,89.5,105.2
2014-11-22,97.6,89.9,89.5,105.2
2014-11-23,97.6,89.9,89.5,105.2
2014-11-24,97.6,89.9,89.5,105.2
2014-11-25,97.6,89.9,89.5,105.2
2014-11-26,97.6,89.9,89.5,105.2
2014-11-27,97.6,89.9,89.5,105.2
2014-11-28,97.6,89.9,89.5,105.2
2014-11-29,97.6,89.9,89.5,105.2
2014-11-30,97.6,89.9,89.5,105.2
2014-12-01,97.6,89.9,89.5,105.1
2014-12-02,97.6,89.9,89.5,105.1
2014-12-03,97.6,89.9,89.5,105.1
2014-12-04,97.6,89.9,89.5,105.1
2014-12-05,97.6,89.9,89.5,105.1
2014-12-06,97.6,89.9,89.5,105.1
2014-12-07,97.6,89.9,89.5,105.1
2014-12-08,97.6,89.9,89.5,105.1
2014-12-09,97.6,89.9,89.5,105.1
2014-12-10,97.6,89.9,89.5,105.1
2014-12-11,97.6,89.9,89.5,105.1
2014-12-12,97.6,89.9,89.5,105.1
2014-12-13,97.6,89.9,89.5,105.1
2014-12-14,97.6,89.9,89.5,105.1
2014-12-15,97.6,89.9,89.5,105.1
2014-12-16,97.6,89.9,89.5,105.1
2014-12-17,97.6,89.9,89.5,105.1
2014-12-18,97.6,89.9,89.5,105.1
2014-12-19,97.6,89.9,89.5,105.1
2014-12-20,97.6,89.9,89.5,105.1
2014-12-21,97.6,89.9,89.5,105.1
2014-12-22,97.6,89.9,89.5,105.1
2014-12-23,97.6,89.9,89.5,105.1
2014-12-24,97.6,89.9,89.5,105.1
2014-12-25,97.6,89.9,89.5,105.1
2014-12-26,97.6,89.9,89.5,105.1
2014-12-27,97.6,89.9,89.5,105.1
2014-12-28,97.6,89.9,89.5,105.1
2014-12-29,97.6,89.9,89.5,105.1
2014-12-30,97.6,89.9,89.5,105.1
2014-12-31,97.6,89.9,89.5,105.1
2015-01-01,97.7,90.4,89.1,104.6
2015-01-02,97.7,90.4,89.1,104.6
2015-01-03,97.7,90.4,89.1,104.6
2015-01-04,97.7,90.4,89.1,104.6
2015-01-05,97.7,90.4,89.1,104.6
2015-01-06,97.7,90.4,89.1,104.6
2015-01-07,97.7,90.4,89.1,104.6
2015-01-08,97.7,90.4,89.1,104.6
2015-01-09,97.7,90.4,89.1,104.6
2015-01-10,97.7,90.4,89.1,104.6
2015-01-11,97.7,90.4,89.1,104.6
2015-01-12,97.7,90.4,89.1,104.6
2015-01-13,97.7,90.4,89.1,104.6
2015-01-14,97.7,90.4,89.1,104.6
2015-01-15,97.7,90.4,89.1,104.6
2015-01-16,97.7,90.4,89.1,104.6
2015-01-17,97.7,90.4,89.1,104.6
2015-01-18,97.7,90.4,89.1,104.6
2015-01-19,97.7,90.4,89.1,104.6
2015-01-20,97.7,90.4,89.1,104.6
2015-01-21,97.7,90.4,89.1,104.6
2015-01-22,97.7,90.4,89.1,104.6
2015-01-23,97.7,90.4,89.1,104.6
2015-01-24,97.7,90.4,89.1,104.6
2015-01-25,97.7,90.4,89.1,104.6
2015-01-26,97.7,90.4,89.1,104.6
2015-01-27,97.7,90.4,89.1,104.6
2015-01-28,97.7,90.4,89.1,104.6
2015-01-29,97.7,90.4,89.1,104.6
2015-01-30,97.7,90.4,89.1,104.6
2015-01-31,97.7,90.4,89.1,104.6
2015-02-01,97.7,90.4,89.2,104.4
2015-02-02,97.7,90.4,89.2,104.4
2015-02-03,97.7,90.4,89.2,104.4
2015-02-04,97.7,90.4,89.2,104.4
2015-02-05,97.7,90.4,89.2,104.4
2015-02-06,97.7,90.4,89.2,104.4
2015-02-07,97.7,90.4,89.2,104.4
2015-02-08,97.7,90.4,89.2,104.4
2015-02-09,97.7,90.4,89.2,104.4
2015-02-10,97.7,90.4,89.2,104.4
2015-02-11,97.7,90.4,89.2,104.4
2015-02-12,97.7,90.4,89.2,104.4
2015-02-13,97.7,90.4,89.2,104.4
2015-02-14,97.7,90.4,89.2,104.4
2015-02-15,97.7,90.4,89.2,104.4
2015-02-16,97.7,90.4,89.2,104.4
2015-02-17,97.7,90.4,89.2,104.4
2015-02-18,97.7,90.4,89.2,104.4
2015-02-19,97.7,90.4,89.2,104.4
2015-02-20,97.7,90.4,89.2,104.4
2015-02-21,97.7,90.4,89.2,104.4
2015-02-22,97.7,90.4,89.2,104.4
2015-02-23,97.7,90.4,89.2,104.4
2015-02-24,97.7,90.4,89.2,104.4
2015-02-25,97.7,90.4,89.2,104.4
2015-02-26,97.7,90.4,89.2,104.4
2015-02-27,97.7,90.4,89.2,104.4
2015-02-28,97.7,90.4,89.2,104.4
2015-03-01,97.7,90.4,89,104.3
2015-03-02,97.7,90.4,89,104.3
2015-03-03,97.7,90.4,89,104.3
2015-03-04,97.7,90.4,89,104.3
2015-03-05,97.7,90.4,89,104.3
2015-03-06,97.7,90.4,89,104.3
2015-03-07,97.7,90.4,89,104.3
2015-03-08,97.7,90.4,89,104.3
2015-03-09,97.7,90.4,89,104.3
2015-03-10,97.7,90.4,89,104.3
2015-03-11,97.7,90.4,89,104.3
2015-03-12,97.7,90.4,89,104.3
2015-03-13,97.7,90.4,89,104.3
2015-03-14,97.7,90.4,89,104.3
2015-03-15,97.7,90.4,89,104.3
2015-03-16,97.7,90.4,89,104.3
2015-03-17,97.7,90.4,89,104.3
2015-03-18,97.7,90.4,89,104.3
2015-03-19,97.7,90.4,89,104.3
2015-03-20,97.7,90.4,89,104.3
2015-03-21,97.7,90.4,89,104.3
2015-03-22,97.7,90.4,89,104.3
2015-03-23,97.7,90.4,89,104.3
2015-03-24,97.7,90.4,89,104.3
2015-03-25,97.7,90.4,89,104.3
2015-03-26,97.7,90.4,89,104.3
2015-03-27,97.7,90.4,89,104.3
2015-03-28,97.7,90.4,89,104.3
2015-03-29,97.7,90.4,89,104.3
2015-03-30,97.7,90.4,89,104.3
2015-03-31,97.7,90.4,89,104.3
2015-04-01,97.7,90.3,88.8,103.3
2015-04-02,97.7,90.3,88.8,103.3
2015-04-03,97.7,90.3,88.8,103.3
2015-04-04,97.7,90.3,88.8,103.3
2015-04-05,97.7,90.3,88.8,103.3
2015-04-06,97.7,90.3,88.8,103.3
2015-04-07,97.7,90.3,88.8,103.3
2015-04-08,97.7,90.3,88.8,103.3
2015-04-09,97.7,90.3,88.8,103.3
2015-04-10,97.7,90.3,88.8,103.3
2015-04-11,97.7,90.3,88.8,103.3
2015-04-12,97.7,90.3,88.8,103.3
2015-04-13,97.7,90.3,88.8,103.3
2015-04-14,97.7,90.3,88.8,103.3
2015-04-15,97.7,90.3,88.8,103.3
2015-04-16,97.7,90.3,88.8,103.3
2015-04-17,97.7,90.3,88.8,103.3
2015-04-18,97.7,90.3,88.8,103.3
2015-04-19,97.7,90.3,88.8,103.3
2015-04-20,97.7,90.3,88.8,103.3
2015-04-21,97.7,90.3,88.8,103.3
2015-04-22,97.7,90.3,88.8,103.3
2015-04-23,97.7,90.3,88.8,103.3
2015-04-24,97.7,90.3,88.8,103.3
2015-04-25,97.7,90.3,88.8,103.3
2015-04-26,97.7,90.3,88.8,103.3
2015-04-27,97.7,90.3,88.8,103.3
2015-04-28,97.7,90.3,88.8,103.3
2015-04-29,97.7,90.3,88.8,103.3
2015-04-30,97.7,90.3,88.8,103.3
2015-05-01,97.7,90.3,88.8,103.3
2015-05-02,97.7,90.3,88.8,103.3
2015-05-03,97.7,90.3,88.8,103.3
2015-05-04,97.7,90.3,88.8,103.3
2015-05-05,97.7,90.3,88.8,103.3
2015-05-06,97.7,90.3,88.8,103.3
2015-05-07,97.7,90.3,88.8,103.3
2015-05-08,97.7,90.3,88.8,103.3
2015-05-09,97.7,90.3,88.8,103.3
2015-05-10,97.7,90.3,88.8,103.3
2015-05-11,97.7,90.3,88.8,103.3
2015-05-12,97.7,90.3,88.8,103.3
2015-05-13,97.7,90.3,88.8,103.3
2015-05-14,97.7,90.3,88.8,103.3
2015-05-15,97.7,90.3,88.8,103.3
2015-05-16,97.7,90.3,88.8,103.3
2015-05-17,97.7,90.3,88.8,103.3
2015-05-18,97.7,90.3,88.8,103.3
2015-05-19,97.7,90.3,88.8,103.3
2015-05-20,97.7,90.3,88.8,103.3
2015-05-21,97.7,90.3,88.8,103.3
2015-05-22,97.7,90.3,88.8,103.3
2015-05-23,97.7,90.3,88.8,103.3
2015-05-24,97.7,90.3,88.8,103.3
2015-05-25,97.7,90.3,88.8,103.3
2015-05-26,97.7,90.3,88.8,103.3
2015-05-27,97.7,90.3,88.8,103.3
2015-05-28,97.7,90.3,88.8,103.3
2015-05-29,97.7,90.3,88.8,103.3
2015-05-30,97.7,90.3,88.8,103.3
2015-05-31,97.7,90.3,88.8,103.3
2015-06-01,97.7,90.3,88.8,103.3
2015-06-02,97.7,90.3,88.8,103.3
2015-06-03,97.7,90.3,88.8,103.3
2015-06-04,97.7,90.3,88.8,103.3
2015-06-05,97.7,90.3,88.8,103.3
2015-06-06,97.7,90.3,88.8,103.3
2015-06-07,97.7,90.3,88.8,103.3
2015-06-08,97.7,90.3,88.8,103.3
2015-06-09,97.7,90.3,88.8,103.3
2015-06-10,97.7,90.3,88.8,103.3
2015-06-11,97.7,90.3,88.8,103.3
2015-06-12,97.7,90.3,88.8,103.3
2015-06-13,97.7,90.3,88.8,103.3
2015-06-14,97.7,90.3,88.8,103.3
2015-06-15,97.7,90.3,88.8,103.3
2015-06-16,97.7,90.3,88.8,103.3
2015-06-17,97.7,90.3,88.8,103.3
2015-06-18,97.7,90.3,88.8,103.3
2015-06-19,97.7,90.3,88.8,103.3
2015-06-20,97.7,90.3,88.8,103.3
2015-06-21,97.7,90.3,88.8,103.3
2015-06-22,97.7,90.3,88.8,103.3
2015-06-23,97.7,90.3,88.8,103.3
2015-06-24,97.7,90.3,88.8,103.3
2015-06-25,97.7,90.3,88.8,103.3
2015-06-26,97.7,90.3,88.8,103.3
2015-06-27,97.7,90.3,88.8,103.3
2015-06-28,97.7,90.3,88.8,103.3
2015-06-29,97.7,90.3,88.8,103.3
2015-06-30,97.7,90.3,88.8,103.3
2015-07-01,97.7,90.5,88.8,102.2
2015-07-02,97.7,90.5,88.8,102.2
2015-07-03,97.7,90.5,88.8,102.2
2015-07-04,97.7,90.5,88.8,102.2
2015-07-05,97.7,90.5,88.8,102.2
2015-07-06,97.7,90.5,88.8,102.2
2015-07-07,97.7,90.5,88.8,102.2
2015-07-08,97.7,90.5,88.8,102.2
2015-07-09,97.7,90.5,88.8,102.2
2015-07-10,97.7,90.5,88.8,102.2
2015-07-11,97.7,90.5,88.8,102.2
2015-07-12,97.7,90.5,88.8,102.2
2015-07-13,97.7,90.5,88.8,102.2
2015-07-14,97.7,90.5,88.8,102.2
2015-07-15,97.7,90.5,88.8,102.2
2015-07-16,97.7,90.5,88.8,102.2
2015-07-17,97.7,90.5,88.8,102.2
2015-07-18,97.7,90.5,88.8,102.2
2015-07-19,97.7,90.5,88.8,102.2
2015-07-20,97.7,90.5,88.8,102.2
2015-07-21,97.7,90.5,88.8,102.2
2015-07-22,97.7,90.5,88.8,102.2
2015-07-23,97.7,90.5,88.8,102.2
2015-07-24,97.7,90.5,88.8,102.2
2015-07-25,97.7,90.5,88.8,102.2
2015-07-26,97.7,90.5,88.8,102.2
2015-07-27,97.7,90.5,88.8,102.2
2015-07-28,97.7,90.5,88.8,102.2
2015-07-29,97.7,90.5,88.8,102.2
2015-07-30,97.7,90.5,88.8,102.2
2015-07-31,97.7,90.5,88.8,102.2
2015-08-01,97.7,90.5,88.8,102.2
2015-08-02,97.7,90.5,88.8,102.2
2015-08-03,97.7,90.5,88.8,102.2
2015-08-04,97.7,90.5,88.8,102.2
2015-08-05,97.7,90.5,88.8,102.2
2015-08-06,97.7,90.5,88.8,102.2
2015-08-07,97.7,90.5,88.8,102.2
2015-08-08,97.7,90.5,88.8,102.2
2015-08-09,97.7,90.5,88.8,102.2
2015-08-10,97.7,90.5,88.8,102.2
2015-08-11,97.7,90.5,88.8,102.2
2015-08-12,97.7,90.5,88.8,102.2
2015-08-13,97.7,90.5,88.8,102.2
2015-08-14,97.7,90.5,88.8,102.2
2015-08-15,97.7,90.5,88.8,102.2
2015-08-16,97.7,90.5,88.8,102.2
2015-08-17,97.7,90.5,88.8,102.2
2015-08-18,97.7,90.5,88.8,102.2
2015-08-19,97.7,90.5,88.8,102.2
2015-08-20,97.7,90.5,88.8,102.2
2015-08-21,97.7,90.5,88.8,102.2
2015-08-22,97.7,90.5,88.8,102.2
2015-08-23,97.7,90.5,88.8,102.2
2015-08-24,97.7,90.5,88.8,102.2
2015-08-25,97.7,90.5,88.8,102.2
2015-08-26,97.7,90.5,88.8,102.2
2015-08-27,97.7,90.5,88.8,102.2
2015-08-28,97.7,90.5,88.8,102.2
2015-08-29,97.7,90.5,88.8,102.2
2015-08-30,97.7,90.5,88.8,102.2
2015-08-31,97.7,90.5,88.8,102.2
2015-09-01,97.7,90.5,88.8,102.2
2015-09-02,97.7,90.5,88.8,102.2
2015-09-03,97.7,90.5,88.8,102.2
2015-09-04,97.7,90.5,88.8,102.2
2015-09-05,97.7,90.5,88.8,102.2
2015-09-06,97.7,90.5,88.8,102.2
2015-09-07,97.7,90.5,88.8,102.2
2015-09-08,97.7,90.5,88.8,102.2
2015-09-09,97.7,90.5,88.8,102.2
2015-09-10,97.7,90.5,88.8,102.2
2015-09-11,97.7,90.5,88.8,102.2
2015-09-12,97.7,90.5,88.8,102.2
2015-09-13,97.7,90.5,88.8,102.2
2015-09-14,97.7,90.5,88.8,102.2
2015-09-15,97.7,90.5,88.8,102.2
2015-09-16,97.7,90.5,88.8,102.2
2015-09-17,97.7,90.5,88.8,102.2
2015-09-18,97.7,90.5,88.8,102.2
2015-09-19,97.7,90.5,88.8,102.2
2015-09-20,97.7,90.5,88.8,102.2
2015-09-21,97.7,90.5,88.8,102.2
2015-09-22,97.7,90.5,88.8,102.2
2015-09-23,97.7,90.5,88.8,102.2
2015-09-24,97.7,90.5,88.8,102.2
2015-09-25,97.7,90.5,88.8,102.2
2015-09-26,97.7,90.5,88.8,102.2
2015-09-27,97.7,90.5,88.8,102.2
2015-09-28,97.7,90.5,88.8,102.2
2015-09-29,97.7,90.5,88.8,102.2
2015-09-30,97.7,90.5,88.8,102.2
2015-10-01,97.7,91.1,88.8,101.5
2015-10-02,97.7,91.1,88.8,101.5
2015-10-03,97.7,91.1,88.8,101.5
2015-10-04,97.7,91.1,88.8,101.5
2015-10-05,97.7,91.1,88.8,101.5
2015-10-06,97.7,91.1,88.8,101.5
2015-10-07,97.7,91.1,88.8,101.5
2015-10-08,97.7,91.1,88.8,101.5
2015-10-09,97.7,91.1,88.8,101.5
2015-10-10,97.7,91.1,88.8,101.5
2015-10-11,97.7,91.1,88.8,101.5
2015-10-12,97.7,91.1,88.8,101.5
2015-10-13,97.7,91.1,88.8,101.5
2015-10-14,97.7,91.1,88.8,101.5
2015-10-15,97.7,91.1,88.8,101.5
2015-10-16,97.7,91.1,88.8,101.5
2015-10-17,97.7,91.1,88.8,101.5
2015-10-18,97.7,91.1,88.8,101.5
2015-10-19,97.7,91.1,88.8,101.5
2015-10-20,97.7,91.1,88.8,101.5
2015-10-21,97.7,91.1,88.8,101.5
2015-10-22,97.7,91.1,88.8,101.5
2015-10-23,97.7,91.1,88.8,101.5
2015-10-24,97.7,91.1,88.8,101.5
2015-10-25,97.7,91.1,88.8,101.5
2015-10-26,97.7,91.1,88.8,101.5
2015-10-27,97.7,91.1,88.8,101.5
2015-10-28,97.7,91.1,88.8,101.5
2015-10-29,97.7,91.1,88.8,101.5
2015-10-30,97.7,91.1,88.8,101.5
2015-10-31,97.7,91.1,88.8,101.5
2015-11-01,97.7,91.1,88.8,101.5
2015-11-02,97.7,91.1,88.8,101.5
2015-11-03,97.7,91.1,88.8,101.5
2015-11-04,97.7,91.1,88.8,101.5
2015-11-05,97.7,91.1,88.8,101.5
2015-11-06,97.7,91.1,88.8,101.5
2015-11-07,97.7,91.1,88.8,101.5
2015-11-08,97.7,91.1,88.8,101.5
2015-11-09,97.7,91.1,88.8,101.5
2015-11-10,97.7,91.1,88.8,101.5
2015-11-11,97.7,91.1,88.8,101.5
2015-11-12,97.7,91.1,88.8,101.5
2015-11-13,97.7,91.1,88.8,101.5
2015-11-14,97.7,91.1,88.8,101.5
2015-11-15,97.7,91.1,88.8,101.5
2015-11-16,97.7,91.1,88.8,101.5
2015-11-17,97.7,91.1,88.8,101.5
2015-11-18,97.7,91.1,88.8,101.5
2015-11-19,97.7,91.1,88.8,101.5
2015-11-20,97.7,91.1,88.8,101.5
2015-11-21,97.7,91.1,88.8,101.5
2015-11-22,97.7,91.1,88.8,101.5
2015-11-23,97.7,91.1,88.8,101.5
2015-11-24,97.7,91.1,88.8,101.5
2015-11-25,97.7,91.1,88.8,101.5
2015-11-26,97.7,91.1,88.8,101.5
2015-11-27,97.7,91.1,88.8,101.5
2015-11-28,97.7,91.1,88.8,101.5
2015-11-29,97.7,91.1,88.8,101.5
2015-11-30,97.7,91.1,88.8,101.5
2015-12-01,97.7,91.1,88.8,101.5
2015-12-02,97.7,91.1,88.8,101.5
2015-12-03,97.7,91.1,88.8,101.5
2015-12-04,97.7,91.1,88.8,101.5
2015-12-05,97.7,91.1,88.8,101.5
2015-12-06,97.7,91.1,88.8,101.5
2015-12-07,97.7,91.1,88.8,101.5
2015-12-08,97.7,91.1,88.8,101.5
2015-12-09,97.7,91.1,88.8,101.5
2015-12-10,97.7,91.1,88.8,101.5
2015-12-11,97.7,91.1,88.8,101.5
2015-12-12,97.7,91.1,88.8,101.5
2015-12-13,97.7,91.1,88.8,101.5
2015-12-14,97.7,91.1,88.8,101.5
2015-12-15,97.7,91.1,88.8,101.5
2015-12-16,97.7,91.1,88.8,101.5
2015-12-17,97.7,91.1,88.8,101.5
2015-12-18,97.7,91.1,88.8,101.5
2015-12-19,97.7,91.1,88.8,101.5
2015-12-20,97.7,91.1,88.8,101.5
2015-12-21,97.7,91.1,88.8,101.5
2015-12-22,97.7,91.1,88.8,101.5
2015-12-23,97.7,91.1,88.8,101.5
2015-12-24,97.7,91.1,88.8,101.5
2015-12-25,97.7,91.1,88.8,101.5
2015-12-26,97.7,91.1,88.8,101.5
2015-12-27,97.7,91.1,88.8,101.5
2015-12-28,97.7,91.1,88.8,101.5
2015-12-29,97.7,91.1,88.8,101.5
2015-12-30,97.7,91.1,88.8,101.5
2015-12-31,97.7,91.1,88.8,101.5
2016-01-01,97.5,93.1,89.2,100.1
2016-01-02,97.5,93.1,89.2,100.1
2016-01-03,97.5,93.1,89.2,100.1
2016-01-04,97.5,93.1,89.2,100.1
2016-01-05,97.5,93.1,89.2,100.1
2016-01-06,97.5,93.1,89.2,100.1
2016-01-07,97.5,93.1,89.2,100.1
2016-01-08,97.5,93.1,89.2,100.1
2016-01-09,97.5,93.1,89.2,100.1
2016-01-10,97.5,93.1,89.2,100.1
2016-01-11,97.5,93.1,89.2,100.1
2016-01-12,97.5,93.1,89.2,100.1
2016-01-13,97.5,93.1,89.2,100.1
2016-01-14,97.5,93.1,89.2,100.1
2016-01-15,97.5,93.1,89.2,100.1
2016-01-16,97.5,93.1,89.2,100.1
2016-01-17,97.5,93.1,89.2,100.1
2016-01-18,97.5,93.1,89.2,100.1
2016-01-19,97.5,93.1,89.2,100.1
2016-01-20,97.5,93.1,89.2,100.1
2016-01-21,97.5,93.1,89.2,100.1
2016-01-22,97.5,93.1,89.2,100.1
2016-01-23,97.5,93.1,89.2,100.1
2016-01-24,97.5,93.1,89.2,100.1
2016-01-25,97.5,93.1,89.2,100.1
2016-01-26,97.5,93.1,89.2,100.1
2016-01-27,97.5,93.1,89.2,100.1
2016-01-28,97.5,93.1,89.2,100.1
2016-01-29,97.5,93.1,89.2,100.1
2016-01-30,97.5,93.1,89.2,100.1
2016-01-31,97.5,93.1,89.2,100.1
2016-02-01,97.5,93.1,89.4,99.7
2016-02-02,97.5,93.1,89.4,99.7
2016-02-03,97.5,93.1,89.4,99.7
2016-02-04,97.5,93.1,89.4,99.7
2016-02-05,97.5,93.1,89.4,99.7
2016-02-06,97.5,93.1,89.4,99.7
2016-02-07,97.5,93.1,89.4,99.7
2016-02-08,97.5,93.1,89.4,99.7
2016-02-09,97.5,93.1,89.4,99.7
2016-02-10,97.5,93.1,89.4,99.7
2016-02-11,97.5,93.1,89.4,99.7
2016-02-12,97.5,93.1,89.4,99.7
2016-02-13,97.5,93.1,89.4,99.7
2016-02-14,97.5,93.1,89.4,99.7
2016-02-15,97.5,93.1,89.4,99.7
2016-02-16,97.5,93.1,89.4,99.7
2016-02-17,97.5,93.1,89.4,99.7
2016-02-18,97.5,93.1,89.4,99.7
2016-02-19,97.5,93.1,89.4,99.7
2016-02-20,97.5,93.1,89.4,99.7
2016-02-21,97.5,93.1,89.4,99.7
2016-02-22,97.5,93.1,89.4,99.7
2016-02-23,97.5,93.1,89.4,99.7
2016-02-24,97.5,93.1,89.4,99.7
2016-02-25,97.5,93.1,89.4,99.7
2016-02-26,97.5,93.1,89.4,99.7
2016-02-27,97.5,93.1,89.4,99.7
2016-02-28,97.5,93.1,89.4,99.7
2016-02-29,97.5,93.1,89.4,99.7
2016-03-01,97.5,93.1,89.5,99.7
2016-03-02,97.5,93.1,89.5,99.7
2016-03-03,97.5,93.1,89.5,99.7
2016-03-04,97.5,93.1,89.5,99.7
2016-03-05,97.5,93.1,89.5,99.7
2016-03-06,97.5,93.1,89.5,99.7
2016-03-07,97.5,93.1,89.5,99.7
2016-03-08,97.5,93.1,89.5,99.7
2016-03-09,97.5,93.1,89.5,99.7
2016-03-10,97.5,93.1,89.5,99.7
2016-03-11,97.5,93.1,89.5,99.7
2016-03-12,97.5,93.1,89.5,99.7
2016-03-13,97.5,93.1,89.5,99.7
2016-03-14,97.5,93.1,89.5,99.7
2016-03-15,97.5,93.1,89.5,99.7
2016-03-16,97.5,93.1,89.5,99.7
2016-03-17,97.5,93.1,89.5,99.7
2016-03-18,97.5,93.1,89.5,99.7
2016-03-19,97.5,93.1,89.5,99.7
2016-03-20,97.5,93.1,89.5,99.7
2016-03-21,97.5,93.1,89.5,99.7
2016-03-22,97.5,93.1,89.5,99.7
2016-03-23,97.5,93.1,89.5,99.7
2016-03-24,97.5,93.1,89.5,99.7
2016-03-25,97.5,93.1,89.5,99.7
2016-03-26,97.5,93.1,89.5,99.7
2016-03-27,97.5,93.1,89.5,99.7
2016-03-28,97.5,93.1,89.5,99.7
2016-03-29,97.5,93.1,89.5,99.7
2016-03-30,97.5,93.1,89.5,99.7
2016-03-31,97.5,93.1,89.5,99.7
2016-04-01,97.5,93.3,89.6,97.3
2016-04-02,97.5,93.3,89.6,97.3
2016-04-03,97.5,93.3,89.6,97.3
2016-04-04,97.5,93.3,89.6,97.3
2016-04-05,97.5,93.3,89.6,97.3
2016-04-06,97.5,93.3,89.6,97.3
2016-04-07,97.5,93.3,89.6,97.3
2016-04-08,97.5,93.3,89.6,97.3
2016-04-09,97.5,93.3,89.6,97.3
2016-04-10,97.5,93.3,89.6,97.3
2016-04-11,97.5,93.3,89.6,97.3
2016-04-12,97.5,93.3,89.6,97.3
2016-04-13,97.5,93.3,89.6,97.3
2016-04-14,97.5,93.3,89.6,97.3
2016-04-15,97.5,93.3,89.6,97.3
2016-04-16,97.5,93.3,89.6,97.3
2016-04-17,97.5,93.3,89.6,97.3
2016-04-18,97.5,93.3,89.6,97.3
2016-04-19,97.5,93.3,89.6,97.3
2016-04-20,97.5,93.3,89.6,97.3
2016-04-21,97.5,93.3,89.6,97.3
2016-04-22,97.5,93.3,89.6,97.3
2016-04-23,97.5,93.3,89.6,97.3
2016-04-24,97.5,93.3,89.6,97.3
2016-04-25,97.5,93.3,89.6,97.3
2016-04-26,97.5,93.3,89.6,97.3
2016-04-27,97.5,93.3,89.6,97.3
2016-04-28,97.5,93.3,89.6,97.3
2016-04-29,97.5,93.3,89.6,97.3
2016-04-30,97.5,93.3,89.6,97.3
2016-05-01,97.2,93.3,89.6,97.1
2016-05-02,97.2,93.3,89.6,97.1
2016-05-03,97.2,93.3,89.6,97.1
2016-05-04,97.2,93.3,89.6,97.1
2016-05-05,97.2,93.3,89.6,97.1
2016-05-06,97.2,93.3,89.6,97.1
2016-05-07,97.2,93.3,89.6,97.1
2016-05-08,97.2,93.3,89.6,97.1
2016-05-09,97.2,93.3,89.6,97.1
2016-05-10,97.2,93.3,89.6,97.1
2016-05-11,97.2,93.3,89.6,97.1
2016-05-12,97.2,93.3,89.6,97.1
2016-05-13,97.2,93.3,89.6,97.1
2016-05-14,97.2,93.3,89.6,97.1
2016-05-15,97.2,93.3,89.6,97.1
2016-05-16,97.2,93.3,89.6,97.1
2016-05-17,97.2,93.3,89.6,97.1
2016-05-18,97.2,93.3,89.6,97.1
2016-05-19,97.2,93.3,89.6,97.1
2016-05-20,97.2,93.3,89.6,97.1
2016-05-21,97.2,93.3,89.6,97.1
2016-05-22,97.2,93.3,89.6,97.1
2016-05-23,97.2,93.3,89.6,97.1
2016-05-24,97.2,93.3,89.6,97.1
2016-05-25,97.2,93.3,89.6,97.1
2016-05-26,97.2,93.3,89.6,97.1
2016-05-27,97.2,93.3,89.6,97.1
2016-05-28,97.2,93.3,89.6,97.1
2016-05-29,97.2,93.3,89.6,97.1
2016-05-30,97.2,93.3,89.6,97.1
2016-05-31,97.2,93.3,89.6,97.1
2016-06-01,97.2,93.3,89.6,97.1
2016-06-02,97.2,93.3,89.6,97.1
2016-06-03,97.2,93.3,89.6,97.1
2016-06-04,97.2,93.3,89.6,97.1
2016-06-05,97.2,93.3,89.6,97.1
2016-06-06,97.2,93.3,89.6,97.1
2016-06-07,97.2,93.3,89.6,97.1
2016-06-08,97.2,93.3,89.6,97.1
2016-06-09,97.2,93.3,89.6,97.1
2016-06-10,97.2,93.3,89.6,97.1
2016-06-11,97.2,93.3,89.6,97.1
2016-06-12,97.2,93.3,89.6,97.1
2016-06-13,97.2,93.3,89.6,97.1
2016-06-14,97.2,93.3,89.6,97.1
2016-06-15,97.2,93.3,89.6,97.1
2016-06-16,97.2,93.3,89.6,97.1
2016-06-17,97.2,93.3,89.6,97.1
2016-06-18,97.2,93.3,89.6,97.1
2016-06-19,97.2,93.3,89.6,97.1
2016-06-20,97.2,93.3,89.6,97.1
2016-06-21,97.2,93.3,89.6,97.1
2016-06-22,97.2,93.3,89.6,97.1
2016-06-23,97.2,93.3,89.6,97.1
2016-06-24,97.2,93.3,89.6,97.1
2016-06-25,97.2,93.3,89.6,97.1
2016-06-26,97.2,93.3,89.6,97.1
2016-06-27,97.2,93.3,89.6,97.1
2016-06-28,97.2,93.3,89.6,97.1
2016-06-29,97.2,93.3,89.6,97.1
2016-06-30,97.2,93.3,89.6,97.1
2016-07-01,97.2,93.3,89.6,95.7
2016-07-02,97.2,93.3,89.6,95.7
2016-07-03,97.2,93.3,89.6,95.7
2016-07-04,97.2,93.3,89.6,95.7
2016-07-05,97.2,93.3,89.6,95.7
2016-07-06,97.2,93.3,89.6,95.7
2016-07-07,97.2,93.3,89.6,95.7
2016-07-08,97.2,93.3,89.6,95.7
2016-07-09,97.2,93.3,89.6,95.7
2016-07-10,97.2,93.3,89.6,95.7
2016-07-11,97.2,93.3,89.6,95.7
2016-07-12,97.2,93.3,89.6,95.7
2016-07-13,97.2,93.3,89.6,95.7
2016-07-14,97.2,93.3,89.6,95.7
2016-07-15,97.2,93.3,89.6,95.7
2016-07-16,97.2,93.3,89.6,95.7
2016-07-17,97.2,93.3,89.6,95.7
2016-07-18,97.2,93.3,89.6,95.7
2016-07-19,97.2,93.3,89.6,95.7
2016-07-20,97.2,93.3,89.6,95.7
2016-07-21,97.2,93.3,89.6,95.7
2016-07-22,97.2,93.3,89.6,95.7
2016-07-23,97.2,93.3,89.6,95.7
2016-07-24,97.2,93.3,89.6,95.7
2016-07-25,97.2,93.3,89.6,95.7
2016-07-26,97.2,93.3,89.6,95.7
2016-07-27,97.2,93.3,89.6,95.7
2016-07-28,97.2,93.3,89.6,95.7
2016-07-29,97.2,93.3,89.6,95.7
2016-07-30,97.2,93.3,89.6,95.7
2016-07-31,97.2,93.3,89.6,95.7
2016-08-01,97.2,93.3,89.3,95.4
2016-08-02,97.2,93.3,89.3,95.4
2016-08-03,97.2,93.3,89.3,95.4
2016-08-04,97.2,93.3,89.3,95.4
2016-08-05,97.2,93.3,89.3,95.4
2016-08-06,97.2,93.3,89.3,95.4
2016-08-07,97.2,93.3,89.3,95.4
2016-08-08,97.2,93.3,89.3,95.4
2016-08-09,97.2,93.3,89.3,95.4
2016-08-10,97.2,93.3,89.3,95.4
2016-08-11,97.2,93.3,89.3,95.4
2016-08-12,97.2,93.3,89.3,95.4
2016-08-13,97.2,93.3,89.3,95.4
2016-08-14,97.2,93.3,89.3,95.4
2016-08-15,97.2,93.3,89.3,95.4
2016-08-16,97.2,93.3,89.3,95.4
2016-08-17,97.2,93.3,89.3,95.4
2016-08-18,97.2,93.3,89.3,95.4
2016-08-19,97.2,93.3,89.3,95.4
2016-08-20,97.2,93.3,89.3,95.4
2016-08-21,97.2,93.3,89.3,95.4
2016-08-22,97.2,93.3,89.3,95.4
2016-08-23,97.2,93.3,89.3,95.4
2016-08-24,97.2,93.3,89.3,95.4
2016-08-25,97.2,93.3,89.3,95.4
2016-08-26,97.2,93.3,89.3,95.4
2016-08-27,97.2,93.3,89.3,95.4
2016-08-28,97.2,93.3,89.3,95.4
2016-08-29,97.2,93.3,89.3,95.4
2016-08-30,97.2,93.3,89.3,95.4
2016-08-31,97.2,93.3,89.3,95.4
2016-09-01,97.2,93.3,89.3,95.3
2016-09-02,97.2,93.3,89.3,95.3
2016-09-03,97.2,93.3,89.3,95.3
2016-09-04,97.2,93.3,89.3,95.3
2016-09-05,97.2,93.3,89.3,95.3
2016-09-06,97.2,93.3,89.3,95.3
2016-09-07,97.2,93.3,89.3,95.3
2016-09-08,97.2,93.3,89.3,95.3
2016-09-09,97.2,93.3,89.3,95.3
2016-09-10,97.2,93.3,89.3,95.3
2016-09-11,97.2,93.3,89.3,95.3
2016-09-12,97.2,93.3,89.3,95.3
2016-09-13,97.2,93.3,89.3,95.3
2016-09-14,97.2,93.3,89.3,95.3
2016-09-15,97.2,93.3,89.3,95.3
2016-09-16,97.2,93.3,89.3,95.3
2016-09-17,97.2,93.3,89.3,95.3
2016-09-18,97.2,93.3,89.3,95.3
2016-09-19,97.2,93.3,89.3,95.3
2016-09-20,97.2,93.3,89.3,95.3
2016-09-21,97.2,93.3,89.3,95.3
2016-09-22,97.2,93.3,89.3,95.3
2016-09-23,97.2,93.3,89.3,95.3
2016-09-24,97.2,93.3,89.3,95.3
2016-09-25,97.2,93.3,89.3,95.3
2016-09-26,97.2,93.3,89.3,95.3
2016-09-27,97.2,93.3,89.3,95.3
2016-09-28,97.2,93.3,89.3,95.3
2016-09-29,97.2,93.3,89.3,95.3
2016-09-30,97.2,93.3,89.3,95.3
2016-10-01,96.6,93.3,89.5,94.4
2016-10-02,96.6,93.3,89.5,94.4
2016-10-03,96.6,93.3,89.5,94.4
2016-10-04,96.6,93.3,89.5,94.4
2016-10-05,96.6,93.3,89.5,94.4
2016-10-06,96.6,93.3,89.5,94.4
2016-10-07,96.6,93.3,89.5,94.4
2016-10-08,96.6,93.3,89.5,94.4
2016-10-09,96.6,93.3,89.5,94.4
2016-10-10,96.6,93.3,89.5,94.4
2016-10-11,96.6,93.3,89.5,94.4
2016-10-12,96.6,93.3,89.5,94.4
2016-10-13,96.6,93.3,89.5,94.4
2016-10-14,96.6,93.3,89.5,94.4
2016-10-15,96.6,93.3,89.5,94.4
2016-10-16,96.6,93.3,89.5,94.4
2016-10-17,96.6,93.3,89.5,94.4
2016-10-18,96.6,93.3,89.5,94.4
2016-10-19,96.6,93.3,89.5,94.4
2016-10-20,96.6,93.3,89.5,94.4
2016-10-21,96.6,93.3,89.5,94.4
2016-10-22,96.6,93.3,89.5,94.4
2016-10-23,96.6,93.3,89.5,94.4
2016-10-24,96.6,93.3,89.5,94.4
2016-10-25,96.6,93.3,89.5,94.4
2016-10-26,96.6,93.3,89.5,94.4
2016-10-27,96.6,93.3,89.5,94.4
2016-10-28,96.6,93.3,89.5,94.4
2016-10-29,96.6,93.3,89.5,94.4
2016-10-30,96.6,93.3,89.5,94.4
2016-10-31,96.6,93.3,89.5,94.4
2016-11-01,96.6,93.3,89.5,94.2
2016-11-02,96.6,93.3,89.5,94.2
2016-11-03,96.6,93.3,89.5,94.2
2016-11-04,96.6,93.3,89.5,94.2
2016-11-05,96.6,93.3,89.5,94.2
2016-11-06,96.6,93.3,89.5,94.2
2016-11-07,96.6,93.3,89.5,94.2
2016-11-08,96.6,93.3,89.5,94.2
2016-11-09,96.6,93.3,89.5,94.2
2016-11-10,96.6,93.3,89.5,94.2
2016-11-11,96.6,93.3,89.5,94.2
2016-11-12,96.6,93.3,89.5,94.2
2016-11-13,96.6,93.3,89.5,94.2
2016-11-14,96.6,93.3,89.5,94.2
2016-11-15,96.6,93.3,89.5,94.2
2016-11-16,96.6,93.3,89.5,94.2
2016-11-17,96.6,93.3,89.5,94.2
2016-11-18,96.6,93.3,89.5,94.2
2016-11-19,96.6,93.3,89.5,94.2
2016-11-20,96.6,93.3,89.5,94.2
2016-11-21,96.6,93.3,89.5,94.2
2016-11-22,96.6,93.3,89.5,94.2
2016-11-23,96.6,93.3,89.5,94.2
2016-11-24,96.6,93.3,89.5,94.2
2016-11-25,96.6,93.3,89.5,94.2
2016-11-26,96.6,93.3,89.5,94.2
2016-11-27,96.6,93.3,89.5,94.2
2016-11-28,96.6,93.3,89.5,94.2
2016-11-29,96.6,93.3,89.5,94.2
2016-11-30,96.6,93.3,89.5,94.2
2016-12-01,96.6,93.3,89.9,94.2
2016-12-02,96.6,93.3,89.9,94.2
2016-12-03,96.6,93.3,89.9,94.2
2016-12-04,96.6,93.3,89.9,94.2
2016-12-05,96.6,93.3,89.9,94.2
2016-12-06,96.6,93.3,89.9,94.2
2016-12-07,96.6,93.3,89.9,94.2
2016-12-08,96.6,93.3,89.9,94.2
2016-12-09,96.6,93.3,89.9,94.2
2016-12-10,96.6,93.3,89.9,94.2
2016-12-11,96.6,93.3,89.9,94.2
2016-12-12,96.6,93.3,89.9,94.2
2016-12-13,96.6,93.3,89.9,94.2
2016-12-14,96.6,93.3,89.9,94.2
2016-12-15,96.6,93.3,89.9,94.2
2016-12-16,96.6,93.3,89.9,94.2
2016-12-17,96.6,93.3,89.9,94.2
2016-12-18,96.6,93.3,89.9,94.2
2016-12-19,96.6,93.3,89.9,94.2
2016-12-20,96.6,93.3,89.9,94.2
2016-12-21,96.6,93.3,89.9,94.2
2016-12-22,96.6,93.3,89.9,94.2
2016-12-23,96.6,93.3,89.9,94.2
2016-12-24,96.6,93.3,89.9,94.2
2016-12-25,96.6,93.3,89.9,94.2
2016-12-26,96.6,93.3,89.9,94.2
2016-12-27,96.6,93.3,89.9,94.2
2016-12-28,96.6,93.3,89.9,94.2
2016-12-29,96.6,93.3,89.9,94.2
2016-12-30,96.6,93.3,89.9,94.2
2016-12-31,96.6,93.3,89.9,94.2
2017-01-01,97,93.8,90.5,93
2017-01-02,97,93.8,90.5,93
2017-01-03,97,93.8,90.5,93
2017-01-04,97,93.8,90.5,93
2017-01-05,97,93.8,90.5,93
2017-01-06,97,93.8,90.5,93
2017-01-07,97,93.8,90.5,93
2017-01-08,97,93.8,90.5,93
2017-01-09,97,93.8,90.5,93
2017-01-10,97,93.8,90.5,93
2017-01-11,97,93.8,90.5,93
2017-01-12,97,93.8,90.5,93
2017-01-13,97,93.8,90.5,93
2017-01-14,97,93.8,90.5,93
2017-01-15,97,93.8,90.5,93
2017-01-16,97,93.8,90.5,93
2017-01-17,97,93.8,90.5,93
2017-01-18,97,93.8,90.5,93
2017-01-19,97,93.8,90.5,93
2017-01-20,97,93.8,90.5,93
2017-01-21,97,93.8,90.5,93
2017-01-22,97,93.8,90.5,93
2017-01-23,97,93.8,90.5,93
2017-01-24,97,93.8,90.5,93
2017-01-25,97,93.8,90.5,93
2017-01-26,97,93.8,90.5,93
2017-01-27,97,93.8,90.5,93
2017-01-28,97,93.8,90.5,93
2017-01-29,97,93.8,90.5,93
2017-01-30,97,93.8,90.5,93
2017-01-31,97,93.8,90.5,93
2017-02-01,97,93.8,90.9,93.2
2017-02-02,97,93.8,90.9,93.2
2017-02-03,97,93.8,90.9,93.2
2017-02-04,97,93.8,90.9,93.2
2017-02-05,97,93.8,90.9,93.2
2017-02-06,97,93.8,90.9,93.2
2017-02-07,97,93.8,90.9,93.2
2017-02-08,97,93.8,90.9,93.2
2017-02-09,97,93.8,90.9,93.2
2017-02-10,97,93.8,90.9,93.2
2017-02-11,97,93.8,90.9,93.2
2017-02-12,97,93.8,90.9,93.2
2017-02-13,97,93.8,90.9,93.2
2017-02-14,97,93.8,90.9,93.2
2017-02-15,97,93.8,90.9,93.2
2017-02-16,97,93.8,90.9,93.2
2017-02-17,97,93.8,90.9,93.2
2017-02-18,97,93.8,90.9,93.2
2017-02-19,97,93.8,90.9,93.2
2017-02-20,97,93.8,90.9,93.2
2017-02-21,97,93.8,90.9,93.2
2017-02-22,97,93.8,90.9,93.2
2017-02-23,97,93.8,90.9,93.2
2017-02-24,97,93.8,90.9,93.2
2017-02-25,97,93.8,90.9,93.2
2017-02-26,97,93.8,90.9,93.2
2017-02-27,97,93.8,90.9,93.2
2017-02-28,97,93.8,90.9,93.2
2017-03-01,97,93.8,90.7,93
2017-03-02,97,93.8,90.7,93
2017-03-03,97,93.8,90.7,93
2017-03-04,97,93.8,90.7,93
2017-03-05,97,93.8,90.7,93
2017-03-06,97,93.8,90.7,93
2017-03-07,97,93.8,90.7,93
2017-03-08,97,93.8,90.7,93
2017-03-09,97,93.8,90.7,93
2017-03-10,97,93.8,90.7,93
2017-03-11,97,93.8,90.7,93
2017-03-12,97,93.8,90.7,93
2017-03-13,97,93.8,90.7,93
2017-03-14,97,93.8,90.7,93
2017-03-15,97,93.8,90.7,93
2017-03-16,97,93.8,90.7,93
2017-03-17,97,93.8,90.7,93
2017-03-18,97,93.8,90.7,93
2017-03-19,97,93.8,90.7,93
2017-03-20,97,93.8,90.7,93
2017-03-21,97,93.8,90.7,93
2017-03-22,97,93.8,90.7,93
2017-03-23,97,93.8,90.7,93
2017-03-24,97,93.8,90.7,93
2017-03-25,97,93.8,90.7,93
2017-03-26,97,93.8,90.7,93
2017-03-27,97,93.8,90.7,93
2017-03-28,97,93.8,90.7,93
2017-03-29,97,93.8,90.7,93
2017-03-30,97,93.8,90.7,93
2017-03-31,97,93.8,90.7,93
2017-04-01,97,93.8,91,93.5
2017-04-02,97,93.8,91,93.5
2017-04-03,97,93.8,91,93.5
2017-04-04,97,93.8,91,93.5
2017-04-05,97,93.8,91,93.5
2017-04-06,97,93.8,91,93.5
2017-04-07,97,93.8,91,93.5
2017-04-08,97,93.8,91,93.5
2017-04-09,97,93.8,91,93.5
2017-04-10,97,93.8,91,93.5
2017-04-11,97,93.8,91,93.5
2017-04-12,97,93.8,91,93.5
2017-04-13,97,93.8,91,93.5
2017-04-14,97,93.8,91,93.5
2017-04-15,97,93.8,91,93.5
2017-04-16,97,93.8,91,93.5
2017-04-17,97,93.8,91,93.5
2017-04-18,97,93.8,91,93.5
2017-04-19,97,93.8,91,93.5
2017-04-20,97,93.8,91,93.5
2017-04-21,97,93.8,91,93.5
2017-04-22,97,93.8,91,93.5
2017-04-23,97,93.8,91,93.5
2017-04-24,97,93.8,91,93.5
2017-04-25,97,93.8,91,93.5
2017-04-26,97,93.8,91,93.5
2017-04-27,97,93.8,91,93.5
2017-04-28,97,93.8,91,93.5
2017-04-29,97,93.8,91,93.5
2017-04-30,97,93.8,91,93.5
2017-05-01,98.2,93.8,91,93.5
2017-05-02,98.2,93.8,91,93.5
2017-05-03,98.2,93.8,91,93.5
2017-05-04,98.2,93.8,91,93.5
2017-05-05,98.2,93.8,91,93.5
2017-05-06,98.2,93.8,91,93.5
2017-05-07,98.2,93.8,91,93.5
2017-05-08,98.2,93.8,91,93.5
2017-05-09,98.2,93.8,91,93.5
2017-05-10,98.2,93.8,91,93.5
2017-05-11,98.2,93.8,91,93.5
2017-05-12,98.2,93.8,91,93.5
2017-05-13,98.2,93.8,91,93.5
2017-05-14,98.2,93.8,91,93.5
2017-05-15,98.2,93.8,91,93.5
2017-05-16,98.2,93.8,91,93.5
2017-05-17,98.2,93.8,91,93.5
2017-05-18,98.2,93.8,91,93.5
2017-05-19,98.2,93.8,91,93.5
2017-05-20,98.2,93.8,91,93.5
2017-05-21,98.2,93.8,91,93.5
2017-05-22,98.2,93.8,91,93.5
2017-05-23,98.2,93.8,91,93.5
2017-05-24,98.2,93.8,91,93.5
2017-05-25,98.2,93.8,91,93.5
2017-05-26,98.2,93.8,91,93.5
2017-05-27,98.2,93.8,91,93.5
2017-05-28,98.2,93.8,91,93.5
2017-05-29,98.2,93.8,91,93.5
2017-05-30,98.2,93.8,91,93.5
2017-05-31,98.2,93.8,91,93.5
2017-06-01,98.2,93.8,91,93.5
2017-06-02,98.2,93.8,91,93.5
2017-06-03,98.2,93.8,91,93.5
2017-06-04,98.2,93.8,91,93.5
2017-06-05,98.2,93.8,91,93.5
2017-06-06,98.2,93.8,91,93.5
2017-06-07,98.2,93.8,91,93.5
2017-06-08,98.2,93.8,91,93.5
2017-06-09,98.2,93.8,91,93.5
2017-06-10,98.2,93.8,91,93.5
2017-06-11,98.2,93.8,91,93.5
2017-06-12,98.2,93.8,91,93.5
2017-06-13,98.2,93.8,91,93.5
2017-06-14,98.2,93.8,91,93.5
2017-06-15,98.2,93.8,91,93.5
2017-06-16,98.2,93.8,91,93.5
2017-06-17,98.2,93.8,91,93.5
2017-06-18,98.2,93.8,91,93.5
2017-06-19,98.2,93.8,91,93.5
2017-06-20,98.2,93.8,91,93.5
2017-06-21,98.2,93.8,91,93.5
2017-06-22,98.2,93.8,91,93.5
2017-06-23,98.2,93.8,91,93.5
2017-06-24,98.2,93.8,91,93.5
2017-06-25,98.2,93.8,91,93.5
2017-06-26,98.2,93.8,91,93.5
2017-06-27,98.2,93.8,91,93.5
2017-06-28,98.2,93.8,91,93.5
2017-06-29,98.2,93.8,91,93.5
2017-06-30,98.2,93.8,91,93.5
2017-07-01,98.2,94,91,93.9
2017-07-02,98.2,94,91,93.9
2017-07-03,98.2,94,91,93.9
2017-07-04,98.2,94,91,93.9
2017-07-05,98.2,94,91,93.9
2017-07-06,98.2,94,91,93.9
2017-07-07,98.2,94,91,93.9
2017-07-08,98.2,94,91,93.9
2017-07-09,98.2,94,91,93.9
2017-07-10,98.2,94,91,93.9
2017-07-11,98.2,94,91,93.9
2017-07-12,98.2,94,91,93.9
2017-07-13,98.2,94,91,93.9
2017-07-14,98.2,94,91,93.9
2017-07-15,98.2,94,91,93.9
2017-07-16,98.2,94,91,93.9
2017-07-17,98.2,94,91,93.9
2017-07-18,98.2,94,91,93.9
2017-07-19,98.2,94,91,93.9
2017-07-20,98.2,94,91,93.9
2017-07-21,98.2,94,91,93.9
2017-07-22,98.2,94,91,93.9
2017-07-23,98.2,94,91,93.9
2017-07-24,98.2,94,91,93.9
2017-07-25,98.2,94,91,93.9
2017-07-26,98.2,94,91,93.9
2017-07-27,98.2,94,91,93.9
2017-07-28,98.2,94,91,93.9
2017-07-29,98.2,94,91,93.9
2017-07-30,98.2,94,91,93.9
2017-07-31,98.2,94,91,93.9
2017-08-01,98.2,94,91,93.9
2017-08-02,98.2,94,91,93.9
2017-08-03,98.2,94,91,93.9
2017-08-04,98.2,94,91,93.9
2017-08-05,98.2,94,91,93.9
2017-08-06,98.2,94,91,93.9
2017-08-07,98.2,94,91,93.9
2017-08-08,98.2,94,91,93.9
2017-08-09,98.2,94,91,93.9
2017-08-10,98.2,94,91,93.9
2017-08-11,98.2,94,91,93.9
2017-08-12,98.2,94,91,93.9
2017-08-13,98.2,94,91,93.9
2017-08-14,98.2,94,91,93.9
2017-08-15,98.2,94,91,93.9
2017-08-16,98.2,94,91,93.9
2017-08-17,98.2,94,91,93.9
2017-08-18,98.2,94,91,93.9
2017-08-19,98.2,94,91,93.9
2017-08-20,98.2,94,91,93.9
2017-08-21,98.2,94,91,93.9
2017-08-22,98.2,94,91,93.9
2017-08-23,98.2,94,91,93.9
2017-08-24,98.2,94,91,93.9
2017-08-25,98.2,94,91,93.9
2017-08-26,98.2,94,91,93.9
2017-08-27,98.2,94,91,93.9
2017-08-28,98.2,94,91,93.9
2017-08-29,98.2,94,91,93.9
2017-08-30,98.2,94,91,93.9
2017-08-31,98.2,94,91,93.9
2017-09-01,98.2,94,91,94
2017-09-02,98.2,94,91,94
2017-09-03,98.2,94,91,94
2017-09-04,98.2,94,91,94
2017-09-05,98.2,94,91,94
2017-09-06,98.2,94,91,94
2017-09-07,98.2,94,91,94
2017-09-08,98.2,94,91,94
2017-09-09,98.2,94,91,94
2017-09-10,98.2,94,91,94
2017-09-11,98.2,94,91,94
2017-09-12,98.2,94,91,94
2017-09-13,98.2,94,91,94
2017-09-14,98.2,94,91,94
2017-09-15,98.2,94,91,94
2017-09-16,98.2,94,91,94
2017-09-17,98.2,94,91,94
2017-09-18,98.2,94,91,94
2017-09-19,98.2,94,91,94
2017-09-20,98.2,94,91,94
2017-09-21,98.2,94,91,94
2017-09-22,98.2,94,91,94
2017-09-23,98.2,94,91,94
2017-09-24,98.2,94,91,94
2017-09-25,98.2,94,91,94
2017-09-26,98.2,94,91,94
2017-09-27,98.2,94,91,94
2017-09-28,98.2,94,91,94
2017-09-29,98.2,94,91,94
2017-09-30,98.2,94,91,94
2017-10-01,98.2,94.1,91,94.1
2017-10-02,98.2,94.1,91,94.1
2017-10-03,98.2,94.1,91,94.1
2017-10-04,98.2,94.1,91,94.1
2017-10-05,98.2,94.1,91,94.1
2017-10-06,98.2,94.1,91,94.1
2017-10-07,98.2,94.1,91,94.1
2017-10-08,98.2,94.1,91,94.1
2017-10-09,98.2,94.1,91,94.1
2017-10-10,98.2,94.1,91,94.1
2017-10-11,98.2,94.1,91,94.1
2017-10-12,98.2,94.1,91,94.1
2017-10-13,98.2,94.1,91,94.1
2017-10-14,98.2,94.1,91,94.1
2017-10-15,98.2,94.1,91,94.1
2017-10-16,98.2,94.1,91,94.1
2017-10-17,98.2,94.1,91,94.1
2017-10-18,98.2,94.1,91,94.1
2017-10-19,98.2,94.1,91,94.1
2017-10-20,98.2,94.1,91,94.1
2017-10-21,98.2,94.1,91,94.1
2017-10-22,98.2,94.1,91,94.1
2017-10-23,98.2,94.1,91,94.1
2017-10-24,98.2,94.1,91,94.1
2017-10-25,98.2,94.1,91,94.1
2017-10-26,98.2,94.1,91,94.1
2017-10-27,98.2,94.1,91,94.1
2017-10-28,98.2,94.1,91,94.1
2017-10-29,98.2,94.1,91,94.1
2017-10-30,98.2,94.1,91,94.1
2017-10-31,98.2,94.1,91,94.1
2017-11-01,98.2,94.1,90.9,94.1
2017-11-02,98.2,94.1,90.9,94.1
2017-11-03,98.2,94.1,90.9,94.1
2017-11-04,98.2,94.1,90.9,94.1
2017-11-05,98.2,94.1,90.9,94.1
2017-11-06,98.2,94.1,90.9,94.1
2017-11-07,98.2,94.1,90.9,94.1
2017-11-08,98.2,94.1,90.9,94.1
2017-11-09,98.2,94.1,90.9,94.1
2017-11-10,98.2,94.1,90.9,94.1
2017-11-11,98.2,94.1,90.9,94.1
2017-11-12,98.2,94.1,90.9,94.1
2017-11-13,98.2,94.1,90.9,94.1
2017-11-14,98.2,94.1,90.9,94.1
2017-11-15,98.2,94.1,90.9,94.1
2017-11-16,98.2,94.1,90.9,94.1
2017-11-17,98.2,94.1,90.9,94.1
2017-11-18,98.2,94.1,90.9,94.1
2017-11-19,98.2,94.1,90.9,94.1
2017-11-20,98.2,94.1,90.9,94.1
2017-11-21,98.2,94.1,90.9,94.1
2017-11-22,98.2,94.1,90.9,94.1
2017-11-23,98.2,94.1,90.9,94.1
2017-11-24,98.2,94.1,90.9,94.1
2017-11-25,98.2,94.1,90.9,94.1
2017-11-26,98.2,94.1,90.9,94.1
2017-11-27,98.2,94.1,90.9,94.1
2017-11-28,98.2,94.1,90.9,94.1
2017-11-29,98.2,94.1,90.9,94.1
2017-11-30,98.2,94.1,90.9,94.1
2017-12-01,99.3,94.1,91.2,94
2017-12-02,99.3,94.1,91.2,94
2017-12-03,99.3,94.1,91.2,94
2017-12-04,99.3,94.1,91.2,94
2017-12-05,99.3,94.1,91.2,94
2017-12-06,99.3,94.1,91.2,94
2017-12-07,99.3,94.1,91.2,94
2017-12-08,99.3,94.1,91.2,94
2017-12-09,99.3,94.1,91.2,94
2017-12-10,99.3,94.1,91.2,94
2017-12-11,99.3,94.1,91.2,94
2017-12-12,99.3,94.1,91.2,94
2017-12-13,99.3,94.1,91.2,94
2017-12-14,99.3,94.1,91.2,94
2017-12-15,99.3,94.1,91.2,94
2017-12-16,99.3,94.1,91.2,94
2017-12-17,99.3,94.1,91.2,94
2017-12-18,99.3,94.1,91.2,94
2017-12-19,99.3,94.1,91.2,94
2017-12-20,99.3,94.1,91.2,94
2017-12-21,99.3,94.1,91.2,94
2017-12-22,99.3,94.1,91.2,94
2017-12-23,99.3,94.1,91.2,94
2017-12-24,99.3,94.1,91.2,94
2017-12-25,99.3,94.1,91.2,94
2017-12-26,99.3,94.1,91.2,94
2017-12-27,99.3,94.1,91.2,94
2017-12-28,99.3,94.1,91.2,94
2017-12-29,99.3,94.1,91.2,94
2017-12-30,99.3,94.1,91.2,94
2017-12-31,99.3,94.1,91.2,94
2018-01-01,99.3,94.2,90.8,94.8
2018-01-02,99.3,94.2,90.8,94.8
2018-01-03,99.3,94.2,90.8,94.8
2018-01-04,99.3,94.2,90.8,94.8
2018-01-05,99.3,94.2,90.8,94.8
2018-01-06,99.3,94.2,90.8,94.8
2018-01-07,99.3,94.2,90.8,94.8
2018-01-08,99.3,94.2,90.8,94.8
2018-01-09,99.3,94.2,90.8,94.8
2018-01-10,99.3,94.2,90.8,94.8
2018-01-11,99.3,94.2,90.8,94.8
2018-01-12,99.3,94.2,90.8,94.8
2018-01-13,99.3,94.2,90.8,94.8
2018-01-14,99.3,94.2,90.8,94.8
2018-01-15,99.3,94.2,90.8,94.8
2018-01-16,99.3,94.2,90.8,94.8
2018-01-17,99.3,94.2,90.8,94.8
2018-01-18,99.3,94.2,90.8,94.8
2018-01-19,99.3,94.2,90.8,94.8
2018-01-20,99.3,94.2,90.8,94.8
2018-01-21,99.3,94.2,90.8,94.8
2018-01-22,99.3,94.2,90.8,94.8
2018-01-23,99.3,94.2,90.8,94.8
2018-01-24,99.3,94.2,90.8,94.8
2018-01-25,99.3,94.2,90.8,94.8
2018-01-26,99.3,94.2,90.8,94.8
2018-01-27,99.3,94.2,90.8,94.8
2018-01-28,99.3,94.2,90.8,94.8
2018-01-29,99.3,94.2,90.8,94.8
2018-01-30,99.3,94.2,90.8,94.8
2018-01-31,99.3,94.2,90.8,94.8
2018-02-01,99.3,94.4,90.8,94.8
2018-02-02,99.3,94.4,90.8,94.8
2018-02-03,99.3,94.4,90.8,94.8
2018-02-04,99.3,94.4,90.8,94.8
2018-02-05,99.3,94.4,90.8,94.8
2018-02-06,99.3,94.4,90.8,94.8
2018-02-07,99.3,94.4,90.8,94.8
2018-02-08,99.3,94.4,90.8,94.8
2018-02-09,99.3,94.4,90.8,94.8
2018-02-10,99.3,94.4,90.8,94.8
2018-02-11,99.3,94.4,90.8,94.8
2018-02-12,99.3,94.4,90.8,94.8
2018-02-13,99.3,94.4,90.8,94.8
2018-02-14,99.3,94.4,90.8,94.8
2018-02-15,99.3,94.4,90.8,94.8
2018-02-16,99.3,94.4,90.8,94.8
2018-02-17,99.3,94.4,90.8,94.8
2018-02-18,99.3,94.4,90.8,94.8
2018-02-19,99.3,94.4,90.8,94.8
2018-02-20,99.3,94.4,90.8,94.8
2018-02-21,99.3,94.4,90.8,94.8
2018-02-22,99.3,94.4,90.8,94.8
2018-02-23,99.3,94.4,90.8,94.8
2018-02-24,99.3,94.4,90.8,94.8
2018-02-25,99.3,94.4,90.8,94.8
2018-02-26,99.3,94.4,90.8,94.8
2018-02-27,99.3,94.4,90.8,94.8
2018-02-28,99.3,94.4,90.8,94.8
2018-03-01,98.5,94.4,90.8,94.7
2018-03-02,98.5,94.4,90.8,94.7
2018-03-03,98.5,94.4,90.8,94.7
2018-03-04,98.5,94.4,90.8,94.7
2018-03-05,98.5,94.4,90.8,94.7
2018-03-06,98.5,94.4,90.8,94.7
2018-03-07,98.5,94.4,90.8,94.7
2018-03-08,98.5,94.4,90.8,94.7
2018-03-09,98.5,94.4,90.8,94.7
2018-03-10,98.5,94.4,90.8,94.7
2018-03-11,98.5,94.4,90.8,94.7
2018-03-12,98.5,94.4,90.8,94.7
2018-03-13,98.5,94.4,90.8,94.7
2018-03-14,98.5,94.4,90.8,94.7
2018-03-15,98.5,94.4,90.8,94.7
2018-03-16,98.5,94.4,90.8,94.7
2018-03-17,98.5,94.4,90.8,94.7
2018-03-18,98.5,94.4,90.8,94.7
2018-03-19,98.5,94.4,90.8,94.7
2018-03-20,98.5,94.4,90.8,94.7
2018-03-21,98.5,94.4,90.8,94.7
2018-03-22,98.5,94.4,90.8,94.7
2018-03-23,98.5,94.4,90.8,94.7
2018-03-24,98.5,94.4,90.8,94.7
2018-03-25,98.5,94.4,90.8,94.7
2018-03-26,98.5,94.4,90.8,94.7
2018-03-27,98.5,94.4,90.8,94.7
2018-03-28,98.5,94.4,90.8,94.7
2018-03-29,98.5,94.4,90.8,94.7
2018-03-30,98.5,94.4,90.8,94.7
2018-03-31,98.5,94.4,90.8,94.7
2018-04-01,98.5,94.5,90.8,95.4
2018-04-02,98.5,94.5,90.8,95.4
2018-04-03,98.5,94.5,90.8,95.4
2018-04-04,98.5,94.5,90.8,95.4
2018-04-05,98.5,94.5,90.8,95.4
2018-04-06,98.5,94.5,90.8,95.4
2018-04-07,98.5,94.5,90.8,95.4
2018-04-08,98.5,94.5,90.8,95.4
2018-04-09,98.5,94.5,90.8,95.4
2018-04-10,98.5,94.5,90.8,95.4
2018-04-11,98.5,94.5,90.8,95.4
2018-04-12,98.5,94.5,90.8,95.4
2018-04-13,98.5,94.5,90.8,95.4
2018-04-14,98.5,94.5,90.8,95.4
2018-04-15,98.5,94.5,90.8,95.4
2018-04-16,98.5,94.5,90.8,95.4
2018-04-17,98.5,94.5,90.8,95.4
2018-04-18,98.5,94.5,90.8,95.4
2018-04-19,98.5,94.5,90.8,95.4
2018-04-20,98.5,94.5,90.8,95.4
2018-04-21,98.5,94.5,90.8,95.4
2018-04-22,98.5,94.5,90.8,95.4
2018-04-23,98.5,94.5,90.8,95.4
2018-04-24,98.5,94.5,90.8,95.4
2018-04-25,98.5,94.5,90.8,95.4
2018-04-26,98.5,94.5,90.8,95.4
2018-04-27,98.5,94.5,90.8,95.4
2018-04-28,98.5,94.5,90.8,95.4
2018-04-29,98.5,94.5,90.8,95.4
2018-04-30,98.5,94.5,90.8,95.4
2018-05-01,99.1,94.5,90.8,95.5
2018-05-02,99.1,94.5,90.8,95.5
2018-05-03,99.1,94.5,90.8,95.5
2018-05-04,99.1,94.5,90.8,95.5
2018-05-05,99.1,94.5,90.8,95.5
2018-05-06,99.1,94.5,90.8,95.5
2018-05-07,99.1,94.5,90.8,95.5
2018-05-08,99.1,94.5,90.8,95.5
2018-05-09,99.1,94.5,90.8,95.5
2018-05-10,99.1,94.5,90.8,95.5
2018-05-11,99.1,94.5,90.8,95.5
2018-05-12,99.1,94.5,90.8,95.5
2018-05-13,99.1,94.5,90.8,95.5
2018-05-14,99.1,94.5,90.8,95.5
2018-05-15,99.1,94.5,90.8,95.5
2018-05-16,99.1,94.5,90.8,95.5
2018-05-17,99.1,94.5,90.8,95.5
2018-05-18,99.1,94.5,90.8,95.5
2018-05-19,99.1,94.5,90.8,95.5
2018-05-20,99.1,94.5,90.8,95.5
2018-05-21,99.1,94.5,90.8,95.5
2018-05-22,99.1,94.5,90.8,95.5
2018-05-23,99.1,94.5,90.8,95.5
2018-05-24,99.1,94.5,90.8,95.5
2018-05-25,99.1,94.5,90.8,95.5
2018-05-26,99.1,94.5,90.8,95.5
2018-05-27,99.1,94.5,90.8,95.5
2018-05-28,99.1,94.5,90.8,95.5
2018-05-29,99.1,94.5,90.8,95.5
2018-05-30,99.1,94.5,90.8,95.5
2018-05-31,99.1,94.5,90.8,95.5
2018-06-01,99.1,94.5,90.8,95.5
2018-06-02,99.1,94.5,90.8,95.5
2018-06-03,99.1,94.5,90.8,95.5
2018-06-04,99.1,94.5,90.8,95.5
2018-06-05,99.1,94.5,90.8,95.5
2018-06-06,99.1,94.5,90.8,95.5
2018-06-07,99.1,94.5,90.8,95.5
2018-06-08,99.1,94.5,90.8,95.5
2018-06-09,99.1,94.5,90.8,95.5
2018-06-10,99.1,94.5,90.8,95.5
2018-06-11,99.1,94.5,90.8,95.5
2018-06-12,99.1,94.5,90.8,95.5
2018-06-13,99.1,94.5,90.8,95.5
2018-06-14,99.1,94.5,90.8,95.5
2018-06-15,99.1,94.5,90.8,95.5
2018-06-16,99.1,94.5,90.8,95.5
2018-06-17,99.1,94.5,90.8,95.5
2018-06-18,99.1,94.5,90.8,95.5
2018-06-19,99.1,94.5,90.8,95.5
2018-06-20,99.1,94.5,90.8,95.5
2018-06-21,99.1,94.5,90.8,95.5
2018-06-22,99.1,94.5,90.8,95.5
2018-06-23,99.1,94.5,90.8,95.5
2018-06-24,99.1,94.5,90.8,95.5
2018-06-25,99.1,94.5,90.8,95.5
2018-06-26,99.1,94.5,90.8,95.5
2018-06-27,99.1,94.5,90.8,95.5
2018-06-28,99.1,94.5,90.8,95.5
2018-06-29,99.1,94.5,90.8,95.5
2018-06-30,99.1,94.5,90.8,95.5
2018-07-01,99.5,94.4,90.8,96.1
2018-07-02,99.5,94.4,90.8,96.1
2018-07-03,99.5,94.4,90.8,96.1
2018-07-04,99.5,94.4,90.8,96.1
2018-07-05,99.5,94.4,90.8,96.1
2018-07-06,99.5,94.4,90.8,96.1
2018-07-07,99.5,94.4,90.8,96.1
2018-07-08,99.5,94.4,90.8,96.1
2018-07-09,99.5,94.4,90.8,96.1
2018-07-10,99.5,94.4,90.8,96.1
2018-07-11,99.5,94.4,90.8,96.1
2018-07-12,99.5,94.4,90.8,96.1
2018-07-13,99.5,94.4,90.8,96.1
2018-07-14,99.5,94.4,90.8,96.1
2018-07-15,99.5,94.4,90.8,96.1
2018-07-16,99.5,94.4,90.8,96.1
2018-07-17,99.5,94.4,90.8,96.1
2018-07-18,99.5,94.4,90.8,96.1
2018-07-19,99.5,94.4,90.8,96.1
2018-07-20,99.5,94.4,90.8,96.1
2018-07-21,99.5,94.4,90.8,96.1
2018-07-22,99.5,94.4,90.8,96.1
2018-07-23,99.5,94.4,90.8,96.1
2018-07-24,99.5,94.4,90.8,96.1
2018-07-25,99.5,94.4,90.8,96.1
2018-07-26,99.5,94.4,90.8,96.1
2018-07-27,99.5,94.4,90.8,96.1
2018-07-28,99.5,94.4,90.8,96.1
2018-07-29,99.5,94.4,90.8,96.1
2018-07-30,99.5,94.4,90.8,96.1
2018-07-31,99.5,94.4,90.8,96.1
